:020000040800F2
:10000000404700200D030008DD5F0008055500088B
:10001000D55D0008D31F0008098600080000000015
:100020000000000000000000000000007502000851
:10003000BF2A000800000000B90200081969000882
:1000400027030008270300082703000827030008E8
:1000500027030008270300082703000827030008D8
:100060002703000827030008270300084D2A00087B
:10007000592A000827030008652A0008712A000889
:100080007D2A0008892A0008511E0008270300085D
:100090002703000827030008270300082703000898
:1000A0002703000827030008270300082703000888
:1000B000396C0008456C0008270300082703000876
:1000C0002703000827030008270300082703000868
:1000D00027030008298500083585000841850008A8
:1000E00027030008270300082703000800F002F890
:1000F00000F0B0F80AA090E8000C82448344AAF112
:100100000107DA4501D100F0A5F8AFF2090EBAE80F
:100110000F0013F0010F18BFFB1A43F0010318473B
:1001200010AC000030AC00000A444FF0000C10F896
:10013000013B13F0070408BF10F8014B1D1108BF65
:1001400010F8015B641E05D010F8016B641E01F805
:10015000016BF9D113F0080F1EBF10F8014BAD1C55
:100160000C1B09D16D1E58BF01F801CBFAD505E073
:1001700014F8016B01F8016B6D1EF9D59142D6D3CD
:10018000704700000023002400250026103A28BFF5
:1001900078C1FBD8520728BF30C148BF0B607047F9
:1001A0006E2900F00383702900F04D8466290AF05F
:1001B000808265290AF07D8267290AF07A826129A6
:1001C0000AF0798203681B0A28BF41F0800169297F
:1001D00000F0B082642900F0AD82752900F0AA8297
:1001E0006F2900F0DA83782900F01984E92900F0FA
:1001F0007583E42900F07283F52900F06F83EF29FD
:1002000000F0D783F82900F018840368DB0928BFC1
:1002100041F08001632901F01F81732901F02481DD
:10022000E32901F02F81F32901F034810020704788
:100230001FB501F085F904000020002109F0DEFE61
:10024000401C60600020002109F0C2FEE0601FBD7C
:1002500010B510BD01F046F91146FFF7E9FF08F0AF
:10026000D5FA01F023FA03B4FFF7F2FF03BC08F05C
:1002700003FA0000224B19680868B0E8F00F80F319
:100280000988BFF36F8F4FF0000080F311884EF0A4
:100290000D0E70470000000006480068006880F3FB
:1002A000088862B661B6BFF34F8FBFF36F8F00DF70
:1002B00000BF00BF08ED00E0EFF30980BFF36F8FD0
:1002C0000F4B1A6820E9F00F106008B54FF050008E
:1002D00080F31188BFF34F8FBFF36F8F09F070F970
:1002E0004FF0000080F31188BDE8084019680868E5
:1002F000B0E8F00F80F30988BFF36F8F704700BF3D
:1003000030000020EFF30580704700000948804767
:1003100009480047FEE7FEE7FEE7FEE7FEE7FEE7E7
:10032000FEE7FEE7FEE7FEE704480549054A064BFF
:1003300070470000AB690008ED0000084041002054
:100340004047002040430020404300207047B2F166
:1003500020030AD5C2F1200320FA02F001FA03F3C8
:1003600021FA02F140EA0300704721FA03F04FF04E
:10037000000170477CB51D4616460C00009001D068
:100380002044401E074B7B442A4669460190304674
:1003900000F025FA05461CB10020694600F032FA4B
:1003A00028467CBD8504000040EA010310B59B0788
:1003B0000FD1042A0DD310C808C9121F9C42F8D0CF
:1003C00020BA19BA884201D9012010BD4FF0FF3080
:1003D00010BD1AB1D30703D0521C07E0002010BD96
:1003E00010F8013B11F8014B1B1B07D110F8013B22
:1003F00011F8014B1B1B01D1921EF1D1184610BD03
:1004000010B5431C02E010F8011B71B18107FAD14D
:100410004FF0013202C88C1A8C4314EAC211F9D091
:10042000C01A0A0603D0C01E10BDC01A10BD0A04AF
:1004300001D0801E10BD0902FCD0401E10BD032A51
:1004400040F2308010F0030C00F0158011F8013BF1
:10045000BCF1020F624498BF11F801CB00F8013BD8
:1004600038BF11F8013BA2F1040298BF00F801CB9C
:1004700038BF00F8013B11F0030300F02580083A73
:10048000C0F0088051F8043B083A51F804CBA0E8CA
:100490000810F5E7121D5CBF51F8043B40F8043B1F
:1004A000AFF30080D20724BF11F8013B11F801CB54
:1004B00048BF11F8012B24BF00F8013B00F801CB25
:1004C00048BF00F8012B704710B5203AC0F00B80F0
:1004D000B1E81850203AA0E81850B1E81850A0E848
:1004E0001850BFF4F5AF5FEA027C24BFB1E81850A2
:1004F000A0E8185044BF18C918C0BDE810405FEA12
:10050000827C24BF51F8043B40F8043B08BF70478D
:10051000D20728BF31F8023B48BF11F8012B28BF92
:1005200020F8023B48BF00F8012B704702F0FF03A0
:1005300043EA032242EA024200F002B84FF000020E
:100540000429C0F0128010F0030C00F01B80CCF1E5
:10055000040CBCF1020F18BF00F8012BA8BF20F853
:10056000022BA1EB0C0100F00DB85FEAC17C24BFA7
:1005700000F8012B00F8012B48BF00F8012B704751
:100580004FF0000200B5134694469646203922BF2C
:10059000A0E80C50A0E80C50B1F12001BFF4F7AF77
:1005A000090728BFA0E80C5048BF0CC05DF804EB59
:1005B000890028BF40F8042B08BF704748BF20F8C7
:1005C000022B11F0804F18BF00F8012B704700007C
:1005D0004FF0013C50F8042B51F8043B9A4221D1D2
:1005E000A2EB0C03934313EACC1317D150F8042B5E
:1005F00051F8043B9A4215D1A2EB0C03934313EA42
:10060000CC130BD150F8042B51F8043B9A4209D17A
:10061000A2EB0C03934313EACC13DBD04FF00000A2
:10062000704700BFD01A01BAB1FA81F101F0180188
:1006300022FA01F0CB40C1F12001DBB2C0B2C01AF6
:100640002CFA01F3D11A914311EAC311E6D1704794
:10065000704770477047704710B500F0C3FA0068E4
:1006600010BD10B5044600F0BDFA046010BD70B5B1
:10067000044685690068C10601D5302600E02026C1
:10068000C00707D070BDD4E9012130469047206AE9
:10069000401C20626D1EF6D570BD70B5044685699C
:1006A0000078C00707D170BDD4E901212020904710
:1006B000206A401C20626D1EF6D570BD09684A058F
:1006C00001D540B27047C905FCD500B27047096832
:1006D0004A0501D5C0B27047C905FCD580B2704744
:1006E00070B50C460546012A05D02878800600D54D
:1006F000EA69002302E0012305E05B1C934202D279
:10070000E05C0028F9D1A869E618C01AA861286A37
:10071000184428622846FFF7AAFF04E0D5E9012122
:1007200014F8010B9047B442F8D32846FFF7B5FF01
:1007300070BD00002DE9F0410646002410687529BF
:10074000314616A510D0FFF7B9FF002802DA404263
:1007500013A507E031688A0701D512A502E0490711
:1007600004D511A5012401E0FFF7B1FF00210A2201
:1007700006F1240709E0B0FBF2FCB0FBF2F302FB48
:100780001C00303078541846491C0028F3D1234609
:100790002A463046BDE8F04100F06DBA0000000086
:1007A0002D0000002B0000002000000011680268EE
:1007B000006A530501D508700AE0D30501D5088009
:1007C00006E0130603D5C217C1E9000200E0086085
:1007D0000120704701694A1C02610878704700B522
:1007E0008FB0CDE901310021059105497944CDE96A
:1007F00003101146684600F031F90FB000BD00004B
:10080000E5FFFFFF0A6802F8010B0A607047D1E9B3
:1008100000239A4202D2531C0B60107070470000F4
:100820002DE9FF5F15468A460446DFF8AC80F844A0
:100830000027D8E900103E46CDE9001010E03AF854
:1008400016106A4602A800F029FE411C07D0217844
:10085000890603D5E269391891420DD80744761C00
:100860002078800602D5E069B84205DDAE42E6DBBD
:100870003AF816000028E2D1A069C01BA06120460A
:10088000FFF7F5FED8E90010CDE90010002017E0D1
:100890003AF818106A4602A800F000FEB0F1FF3FD7
:1008A00081460BD000250DF1080B05E0D4E90121AC
:1008B0001BF8050090476D1C4D45F7D308F101006A
:1008C000B0428046E4DB206A384420622046FFF7CD
:1008D000E4FEBDE8FF9F000006A100002DE9F04105
:1008E0008046D21D22F007020025D2E90002F52938
:1008F00015A614D0011E72F1000106DA0023D0EB18
:10090000030063EB020211A608E0D8F800108B0781
:1009100001D50FA602E0490701D50EA60125114613
:10092000002408F1240704E000F060F930323A5561
:10093000641C50EA0102F7D12B463246214640465C
:10094000BDE8F04100F097B9000000002D00000064
:100950002B0000002000000030B4002100F124042E
:1009600008E002F00705D208303542EA4372DB089E
:100970006554491C52EA0305F3D10468002310A210
:10098000250707D5A40600D421B1C46901230DA20F
:10099000641EC46130BC00F06EB910B50446214637
:1009A0001068FFF794FE02462046BDE81040002381
:1009B000D2E7D21D22F00701D1E90023CCE70000E5
:1009C0000000000030000000F0B40D460188090569
:1009D00002D5214C7C4402E01F4C7C440E340021A3
:1009E00000F1240608E002F00F071209E75D42EA71
:1009F00003721B097754491C52EA0307F3D10278AA
:100A00000023120704D5702D06D009B1022311343A
:100A10002246F0BC00F02FB901231034F8E770B57E
:100A200004460D4621461068FFF751FE024629464E
:100A30002046BDE870400023C6E7D21D22F0070320
:100A4000D3E90023C0E70368126843F02003036082
:100A50000823C3610023B7E7689F00002DE9F05F1A
:100A6000894604464FF0000ADFF874B1FB44C0F831
:100A700020A02046E1688847002874D0252806D0A9
:100A8000D4E901219047206A401C2062F1E700264A
:100A90005F462046E16888472028054607DB312D60
:100AA00005D2781910F8200C08B10643F1E7B00719
:100AB00001D526F00406C4F81CA00027C4F818A02D
:100AC0002A2D09D0284607F0D0FD38B304EB87085B
:100AD000303DC8F8185019E059F8041B204604EBC3
:100AE00087029161E1688847012F054618D1E069C6
:100AF000002820DA26F020061DE0D8F8180000EBC8
:100B0000800005EB40003038C8F818002046E16846
:100B10008847054607F0A9FD0028EED1012F0AD02D
:100B20002E2D08D12046E16888477F1C0546022FFC
:100B300046F02006C4DBA069002803DA404246F0F4
:100B40000106A061F00701D026F010066C2D0BD035
:100B5000682D09D04C2D39D06A2D35D0742D35D063
:100B60007A2D33D016E038E0E1682F4620468847DA
:100B7000B842054609D16C2F26D04FF48060E16859
:100B8000064320468847054604E06C2F1AD04FF4F0
:100B9000807006430DB3A5F14100192802D8203515
:100BA00046F400664A462946204626604E46FFF730
:100BB000F7FA80B101280BD0F61D26F0070000F1EE
:100BC000080956E74020E4E78020D8E70020D6E770
:100BD00006F104094DE7284652E7206ABDE8F09F78
:100BE000F89E000000487047E040002030B5B0F1AA
:100BF0000A024FEA900E71F100034EEA817EB0EBDB
:100C00000E0061EB91014FEA101E4EEA017E10EBDF
:100C10000E0041EB11114FEA102E4EEA016E10EB5F
:100C20000E0041EB11214FEA104E4EEA014E10EB3F
:100C30000E0041EB1141401841F100014FEAD00094
:100C400040EA41704FEAD10110EB80054FEA810480
:100C500044EA907444EB01046D1944EB0404521B04
:100C6000A3414FF0000348BF0A3200D530BD401CFD
:100C700041F1000130BD2DE9F0470D4699469246FD
:100C8000044600F124080168880604D5E06921F0D3
:100C90001001216000E00120A84201DD471B00E0B7
:100CA0000027A1697A1902EB0900081AA0612078CF
:100CB000C00602D42046FFF7DAFC002608E0D4E99B
:100CC00001211AF806009047206A401C761C206219
:100CD0004E45F4DB2078C0060AD52046FFF7C7FC56
:100CE00006E0D4E9012130209047206A401C2062B0
:100CF000381EA7F10107F4DC07E0D4E9012118F858
:100D000005009047206A401C2062281EA5F10105BD
:100D1000F3DC2046FFF7C1FC2078000602D5022054
:100D2000BDE8F0870120FBE770472DE9FF4F0C4637
:100D30001E464FF0FF378BB0D2E90001DDF860802E
:100D40000A908A46C1F30A5505B93D460021084676
:100D50004FF00000BAF1000F00F4400005DA00EB9C
:100D600080004FF4400101EA50004FEA9059B9F178
:100D7000010F00DDB9460A9850EA4A000ED044F649
:100D80001050A5F2FF3545432F14B8F1000F1ED0C7
:100D90007542291E1EDDC9F100021CE0B8F1010FE9
:100DA0004FF0000001D0302103E0F24305E0215470
:100DB000401CB042FBDB30460022002121540B993D
:100DC000C1F80880C1E900200FB0BDE8F08FBD1B5D
:100DD0006D1CDEE74A4600DA694206A800F0F4FB23
:100DE00006AB93E8070003AB83E8070050460A9977
:100DF00000F065FC8DE80700A0F500501F3800905A
:100E00000398002D0ADD42F21F014A4608440023E0
:100E100003A90390684600F0CEFE09E0A0F500505B
:100E20004A461F38002303A90390684600F0D8FE05
:100E30008DE807000004000C03D04FF0FF3041089C
:100E400000E01046B8F1000F03D0002200921546D2
:100E50001EE0751E05D4FFF7C9FE303262556D1EC7
:100E6000F9D5B3460122084302D000227F1C04E0DA
:100E70002078302801D100227F1E002A099784D0D3
:100E80001DE0112D07DAFFF7B1FE303262556D1CFF
:100E900050EA0102F5D1084302D00098C8B10EE033
:100EA0000021681E05E0235C625C63542254401EEE
:100EB000491C8142F7DBAB46A81B401E099000206D
:100EC00004F80B000B98099AC0F80880C0E9002BC1
:100ED0007AE711264FF0000857E72DE9F04F8846D2
:100EE0000446D21D22F0070191B0D1E90001CDE9FD
:100EF0000A0107F08AFB02460B98C00F01D02D2093
:100F000007E02068810701D52B2002E0202101EABB
:100F1000C000032A099001D0072A05DB0346414699
:100F2000204600F011FB0BE12078800601D5E06936
:100F300000E00620B8F1650F814606D0B8F1660FD3
:100F400018D0B8F1670F70D131E00020B9F1110F5E
:100F5000009001DB112301E009F101030AAA01A9B4
:100F60000CA8FFF7E2FEDDE90C70002609F101058F
:100F7000834647E001204B4600904FF000470AAA05
:100F800001A90CA8FFF7D1FEDDE90DB00C995D4673
:100F9000002610B909F101000D18B9EB050003D4C2
:100FA000C0F1FF3609F10105A5EB09002BE0B9F10D
:100FB000010F01DA4FF001090020B9F1110F009083
:100FC000484601DD112300E003460AAA01A90CA846
:100FD000FFF7ABFEDDE90C704D4600268346207816
:100FE00000070AD4AB4500DA5D4601A8012D04DDF7
:100FF000411911F8011C302907D04F4502DA17F1C9
:10100000040F04DA012082460FE06D1EEEE7002F88
:1010100002DCED1B3E4403E0781CA84200DD7D1C91
:10102000B81B00F1010A4FF000472078000703D4F5
:10103000AA4501DB4FF0FF3A0021B7F1004F0DF157
:1010400043088DF8431024D002202B23002F01DA0F
:101050007F422D230A21021EA0F1010000DC5FB1B6
:1010600097FBF1FC97FBF1F201FB1C7C17460CF19E
:10107000300C08F801CDEEE7A8F1010003702188DB
:10108000090501D5452100E06521A0F1010800F81E
:10109000011C09980FA9A1EB0807FF1D00B1012051
:1010A000411901EBEA70A1693844081A401EA06199
:1010B0002078C00602D42046FFF7D9FA099828B153
:1010C000D4E901219047206A401C20622078C006A4
:1010D00022D52046FFF7CBFA1EE0002E04DBB345F5
:1010E00002DD01A8805D00E03020D4E901219047B5
:1010F000206A401C2062761CAAF101005FEA000A07
:101100000AD100F01DFAC0680168405CD4E90121F1
:101110009047206A401C2062281EA5F10105DCDCF6
:1011200007E0D4E9012118F8010B9047206A401C20
:101130002062381EA7F10107F3DC2046FFF7ADFA65
:10114000032011B041E600002DE9F04F04460D46A2
:10115000D21D22F0070089B0D0E9009748463946F1
:1011600007F053FA0246F80F01D02D2307E020685C
:10117000810701D52B2302E0202101EAC0038DF86D
:1011800020300BB1012000E00020032A824601D06C
:10119000072A04DB2946204600F0D6F93FE12078F3
:1011A000800601D40D2500E0E569C7F30A560D2D30
:1011B00049DA00214FEA175B08464FF00000002F84
:1011C00000F4400007DA00EB80004FF4400100EB30
:1011D000D07001EA60008115012901DD4FF0FF3177
:1011E00000224FEA850CBCF1180F06D31346ACF170
:1011F00018004FF08052C24003E04FF4801323FAEE
:101200000CF30CF10C0CBCF1200F04D3ACF1200C4E
:1012100009FA0CF001E007FA0CF000294FF0004841
:1012200001DD18B90FE00ED140450CD319EB0209CE
:101230005F4121B9404502D19F4329EA0209BBEB36
:10124000175F00D0761C2088000502D57B487844C3
:1012500002E07A487844193808AA302302F80A30A4
:10126000037C0AF10101002E0AF1020A53546A4676
:1012700002DC4FF0300101E04FF031014FF0010886
:101280008DF8001002D0A6F2FF3603E059EA4701BC
:1012900000D06B4E002D02DC2178090704D54FF0F9
:1012A00002082E218DF80110C44600210BE0C7F37F
:1012B00003433F01C35C491C6D1E02F80830052939
:1012C00008F1010801DA002DF1DC00210CE000EB4F
:1012D0001973491C1B786D1E082902F808304FEA63
:1012E000091908F1010801DA002DF0DC21688B06EC
:1012F00002D516E0A8F10108E04505DD02EB080380
:1013000013F8013C302BF5D0B8F1000F09DD02EBEA
:10131000080313F8013C2E2B03D1090701D4A8F1CF
:101320000108002D05DD3E2102F808106D1E08F1B0
:101330000108407C002E02F8080008F1010804DAD8
:101340002D20764202F8080002E02B2002F8080067
:101350000A214FF47A70864208F101080BDB96FBF4
:10136000F0F3303302F8083096FBF0F308F101088F
:1013700000FB136601E0642E0CDB642096FBF0F3A7
:10138000303302F8083096FBF0F308F1010800FB57
:10139000136601E00A2E06DB96FBF1F0303002F80E
:1013A000080008F1010896FBF1F001FB10603030F5
:1013B00002F80800A16908F1010808EB050202EB38
:1013C0000A00081AA0612078C00602D42046FFF760
:1013D0004EF9216A08AE01EB0A00206204E0D4E96C
:1013E000012116F8010B9047BAF1010AF7D22078D3
:1013F000C00602D52046FFF73AF96E4609E016F816
:10140000010B3E280FD0D4E901219047206A401CEF
:101410002062B8F10108F2D22046FFF73EF909B088
:101420000320BDE8F08F206A2844206203E0D4E95D
:101430000121302090476D1EEBD3F8E73A9700006A
:1014400002FCFFFF10B5436913B1AFF3008001E068
:10145000FFF746F9012010BD127800F124010A704F
:1014600000224A700122EDE711684FF0FF32E9E7F0
:1014700010B5436913B1AFF3008001E0FFF7D0F975
:10148000012010BD128800F1240182840022C28450
:101490000122EDE711684FF0FF32E9E770B516461B
:1014A0000C46054600F044F8036893F80101012852
:1014B00006D0FF2C0FD8185D68B101202C7070BDCC
:1014C000D3F807013246214603F2071303442846A6
:1014D000BDE8704018474FF0FF3070BD00487047BE
:1014E000E04000207546FFF7F9FFAE46050069466B
:1014F000534620F00700854618B020B5FEF714FFCC
:10150000BDE820404FF000064FF000074FF0000804
:101510004FF0000B21F00701AC46ACE8C009ACE885
:10152000C009ACE8C009ACE8C0098D4670470000AE
:1015300010B500F005F8001D10BD00BFC18A000005
:1015400000487047004100202DE9F0411F46044645
:1015500003260168072A01F4006004DB08B116A520
:1015600005E016A503E008B115A500E015A521F0DA
:1015700010002060A069C01EA0610FB1401EA061D4
:101580002046FFF774F84FB1D4E90121384690475F
:10159000206A401C2062C01C206206E0206AFAE734
:1015A000D4E9012115F8010B9047761EF8D22046A8
:1015B000FFF773F8BDE8F0814E414E006E616E009A
:1015C000494E4600696E66002DE9F0478146164691
:1015D0008AB0354878440DC88DE80D00324878440B
:1015E000801C03AC0DC884E80D0041F69B30084414
:1015F000372190FBF1F290FBF1F5A5F1800501FB9D
:1016000012041B3C02D56442012000E00020DFF8F8
:1016100098A080460027FA44AAF1BE0A0EE0E0072F
:101620000AD03246684607EB470101230AEB8101E5
:1016300000F0D6FA8DE8070064107F1C002CEED174
:10164000194F7F44AE3F19E0E80715D007EB0410AF
:101650000DF1180A90E80E008AE80E00C068F0420A
:1016600001D1981908903246012306A903A800F079
:10167000B7FA03AB83E807006D10641C002DE3D1BB
:101680004FF0010332466946B8F1000F03A802D0BB
:1016900000F091FA01E000F0A3FAC9E90001C9F8ED
:1016A00008200AB0BDE8F0874494000010B5044655
:1016B000AFF300802046BDE81040FEF7D4BD5FEADE
:1016C000400C08BF91F0000F4FEA8C234FEAC12273
:1016D00043EA51514FEA1C5018BF00F5F0404FEA61
:1016E000300018BF41F000415FEA6C5C00F02980D7
:1016F000BCF1FF3F08BF40F080407047130C06BFAD
:1017000012044FF0100C4FF0000C130E04BF120225
:101710000CF1080C130F04BF12010CF1040C930F11
:1017200004BF92000CF1020CD30F04BF52000CF165
:10173000010C11464FF00002A0F11F00A0EB0C00BD
:10174000704711F0004F08BF704731F000413FF47F
:10175000D5AF0B0C06BF09044FF0100C4FF0000C76
:101760000B0E04BF09020CF1080C0B0F04BF09019A
:101770000CF1040C8B0F04BF89000CF1020CCB0F91
:1017800004BF49000CF1010CCCF12003A0EB0C00CC
:1017900022FA03F302FA0CF241EA030100F101001C
:1017A000704720F07F4C80EA030023F07F47ACEBCA
:1017B000070303F57C5300F0004003F1FF032DE91C
:1017C00080494FEA154B09B44FEA144325EA0B4E02
:1017D00024EA03480FF2042606EB132749083E7853
:1017E0005FEA320203FB0667C7F5000707FB06F650
:1017F0004FEA54374FEAD64606F1020607FB066C5D
:10180000CCF1005C4FEA1C472CEA074C07FB06F4BE
:101810000CFB06F504EB15464FEA961634BF002084
:101820004FF000404FEAD13706FB07FC4FEA1C4C53
:101830000CFB0BF7D21B03FB0CF761EB07010CFB56
:101840000EF7B0EB074072EB17420CFB08F734BF02
:10185000A2EB0742B2EB074261EB17414FEA0C449F
:101860004FEA910706FB07FC4FEA1C4C0CFB0BF7F9
:10187000B0EBC74072EB573203FB0CF734BFA2EB5F
:10188000C742B2EBC74261EB57310CFB0EF7B0EB2E
:10189000C70072EB57720CFB08F734BFA2EBC7020C
:1018A000B2EBC70261EB5771039F4FEA816141EAD6
:1018B000921104EBCC044FEAD1374FEA826206FB67
:1018C00007FC42EA90124FEA80604FEA1C4C0CFB86
:1018D0000BF7D21B03FB0CF761EB07010CFB0EF7B8
:1018E000B0EB074072EB17420CFB08F734BFA2EBDA
:1018F0000742B2EB074261EB17414FEA8C554FEAC2
:10190000910704EB9C2406FB07FC4FEA1C4C0CFBE4
:101910000BF7B0EBC74072EB573203FB0CF734BF49
:10192000A2EBC742B2EBC74261EB57310CFB0EF79B
:10193000B0EBC70072EB57720CFB08F734BFA2EB99
:10194000C702B2EBC70261EB577115EB4C254FEAAA
:10195000816141EA92114FEA82624FEAD13742EA4D
:10196000901206FB07FC44F100044FEA80604FEA46
:101970001C4C0CFB0BF7D21B03FB0CF761EB0701B4
:101980000CFB0EF7B0EB074072EB17420CFB08F7AD
:1019900034BFA2EB0742B2EB074261EB174115EBF4
:1019A0001C154FEA813141EA92414FEA823242EA04
:1019B00090424FEA80304FEA0C7644F1000448EA46
:1019C00003434EEA0B484FF0000EB2EB080C71EBEC
:1019D000030724BF624639464EEB0E0E4FF0000B54
:1019E0000018524149414BEB0B0BB2EB080C71EB69
:1019F00003077BF1000B24BF624639464EEB0E0E07
:101A00004FF0000B0018524149414BEB0B0BB2EB6E
:101A1000080C71EB03077BF1000B24BF62463946CB
:101A20004EEB0E0E51EA020718BF46F0010616EB08
:101A30000E7655F1000254F1000103D5BDE889018D
:101A4000BDE80088BDE88901BDE80048B6195241EB
:101A500041EB0101A3F10103704780807F7E7D7C13
:101A60007B7A7978777676757473727171706F6E30
:101A70006E6D6C6C6B6A6A696868676666656464DB
:101A8000636362616160605F5F5E5E5D5D5C5C5B65
:101A90005B5A5A59595858575756565555555454D4
:101AA000535352525251515050504F4F4F4E4E4D32
:101AB0004D4D4C4C4C4B4B4B4A4A4A49494948487E
:101AC00048474747474646464545454444444443BE
:101AD00043434342424242414141002B9C4630D461
:101AE00077002BD01CB54FEA370703B44FF0100036
:101AF0004FF01001BAF1000F06D0BCF1000FDCBFAF
:101B000040F0080040F008014FF000000FBCBDE8B5
:101B100010400BF1010BBBF1010F08BF5FEA170783
:101B200022BF12F1010211F101014FF0004143F116
:101B3000000300F0004043EA00007047F9D3570863
:101B4000D0E746EA064613F1400F4FEA16461FDD7E
:101B500013F1200FDFBF16430A46002120335B42FA
:101B6000BED0C3F1200746EA064602FA07F74FEA5D
:101B7000164646EA0706C3F1200722FA03F201FAE5
:101B800007F721FA03F14FF0000342EA0702A7E743
:101B900046EA020646EA06464FEA164646EA0106C5
:101BA000BCBF46EA0646360C4FF000034FF0000279
:101BB0004FF0000194E72DE9804C9A46934670B4AB
:101BC00091E8380007C831EA400C48BF34EA430CBA
:101BD00003D5FFF7E6FDFFF780FFF0BCBDE8008C02
:101BE0002DE9804C9A46934670B491E8380007C8B6
:101BF00010F0804F08BF13F0804F03D100F005F8BC
:101C0000FFF76BFFF0BCBDE8008C20F07F4780EA57
:101C1000030023F07F4C07EB0C03A3F57C5300F08B
:101C20000040A3F1FE0392F0000F00F0B38095F0A6
:101C3000000F00F077802DE901494FEA11404FEA8B
:101C4000144621EA004800FB06FC24EA064708FB8C
:101C500006F607FB08F800FB07F718EB06484CEB05
:101C6000164C4FEA124B18EB07484FEA15464CEB5F
:101C7000174022EA0B4E0BFB06FC25EA06470EFB3B
:101C800006F607FB0EFE0BFB07F71EEB064E4CEBB2
:101C9000164C4FF000061EEB074E4CEB174B18EBA3
:101CA0000B0840F1000018EB0E0B58EB000840F158
:101CB00000008F1A4FF000013CBFC943661B14BFE0
:101CC000B5EB040C00213CBFC943F61B4FEA174497
:101CD0004EEA8E0E27EA04454FEA1C4704FB0762D2
:101CE0002CEA074C05FB07F70CFB05F604FB0CFC84
:101CF00016EB074642EB174216EB0C4642EB1C4232
:101D00001BEB060658EB0202414146EA9E0601D54E
:101D1000BDE80189B619524141EB0101A3F101036C
:101D2000BDE801894FEA14454FEA114724EA054608
:101D300021EA074C05FB07F406FB07F70CFB06F14D
:101D400005FB0CFC11EB074144EB17444FEA12472B
:101D500011EB0C4144EB1C4422EA074C05FB07F253
:101D600006FB07F70CFB06F605FB0CFC16EB07461B
:101D700042EB174216EB0C4642EB1C456A1854F135
:101D8000000148BF7047B619524141EB0101A3F170
:101D90000103704795F0000F37D04FEA11424FEA28
:101DA000144721EA024624EA074C02FB07F106FB2E
:101DB00007F70CFB06F402FB0CFC14EB074441EBA9
:101DC00017414FEA154714EB0C4441EB1C4125EA3F
:101DD000074C02FB07F506FB07F70CFB06F602FBB8
:101DE0000CFC16EB074645EB174516EB0C4645EB8E
:101DF0001C42121951F1000148BF7047B6195241F7
:101E000041EB0101A3F1010370474FEA14454FEA8A
:101E1000114724EA054621EA074C05FB07F106FBBA
:101E200007F70CFB06F24FF0000605FB0CFC12EB6B
:101E3000074241EB174112EB0C4251EB1C4148BFEA
:101E40007047921841EB0101A3F1010370470000B4
:101E5000014801F0CCBA00006C01002070B50446C6
:101E600000688168C943C90717D1816821F0010161
:101E7000816001F0C9FF05460AE000BF01F0C4FF20
:101E8000401B022804D920688068C043C00706D0E0
:101E900020688068C043C007F0D0002070BDA06AF1
:101EA00040F01000A062E06A40F00100E062012012
:101EB00070BD10B50146406A826A12F0500F05D01D
:101EC000006A026BBDE8104008461047816A41F481
:101ED0000071816201688968C1F3424107290CD110
:101EE000017B51B9816A21F480718162816AC904E0
:101EF00003D4816A41F00101816201F075FA10BDDD
:101F000010B5406A816A41F040018162C16A41F0C6
:101F10000401C16201F06AFA10BD10B5406A01F017
:101F200064FA10BDF8B50026044600960068816882
:101F3000C943C9072DD0816841F00101816016486D
:101F400016490068B0FBF1F000E0401E0090002848
:101F5000FBD101F059FF054616E000BF01F054FF28
:101F6000401B022810D920688068C043C0070BD0EE
:101F7000A06A40F01000A062E06A40F00100E06258
:101F800084F824600120F8BD20688068C043C00741
:101F9000E4D10020F8BD00002C00002040420F00DA
:101FA00010B500F013FE04F045FB05F051F803F006
:101FB0006DFF04F0AFF806F0D5FA04F057FD04F019
:101FC00016F803F0DBFA05F035FABDE8104000F032
:101FD00029B9FEE704F014B9074988420BD1074933
:101FE0008A78002A07D090F84200202803D10020E8
:101FF000487000F053BC704748030020E000002008
:102000003EB5684600F0D2FD684601F056F8010082
:1020100003D013A000F0A6F93EBD07F0C9FA05F001
:1020200029F840B903F026FF28B904F067F810B981
:1020300006F0A6FA28B107F005FF0BA003F0CDFAD1
:102040003EBD00F0F9FE044607F0FCFE0CB121464F
:10205000DFE700F09FFD014610A003F0D9FA3EBD76
:1020600073617665000000005B4346475D20455282
:1020700052207361766520756E736166653A2073D0
:10208000746F7020686561742F6D6F746F722F703C
:10209000756D702F55560D0A000000005B434647D2
:1020A0005D204F4B2073617665207365713D256C13
:1020B000750D0A003EB50546032931D1A8680028F0
:1020C0002ED0017800292BD000240A22C9B2303941
:1020D0000A2925D2CB43B3FBF2F3A34220D304EB6E
:1020E000840301EB430410F8011F0029EED1684678
:1020F00000F05CFD1DA16868FEF76AFA90B11EA1B0
:102100006868FEF765FA78B11FA16868FEF760FAA3
:1021100050B121A16868FEF75BFA38B121A009E04F
:1021200027A007E000940AE0019408E0B4F5803F9E
:1021300003D32BA003F051FA3EBDADF8084068462A
:1021400000F0BBFF010004D1684600F0B9FC0100BB
:1021500003D02BA000F006F93EBD00F061FD034660
:10216000224628A0696803F053FA3EBD7761746582
:10217000725F306C5F687A0077617465725F3132CC
:102180006C5F687A0000000077617465725F667545
:102190006C6C5F687A00000077617465725F6D61D6
:1021A000785F6C005B4346475D2045525220736563
:1021B0007420756E6B6E6F776E5F6B65790D0A00BC
:1021C0005B4346475D204552522073657420737906
:1021D0006E7461782F76616C75650D0A00000000E1
:1021E0005B4346475D204552522073657420696EFB
:1021F00076616C69645F76616C75650D0A0000003C
:10220000736574005B4346475D204F4B20736574D4
:102210002025733D256C752064697274793D2575A0
:102220000D0A00000A4810B50021C180018101702B
:1022300041704181C17001210171817000F02EFB5C
:10224000002804D0BDE8104002A003F0C6B910BDBC
:10225000E00000205B4346475D20455252207265F6
:1022600063656976655F696E69740D0A0000000038
:102270000148007970470000E0000020401C80B257
:10228000FF2800D9002070472DE9F04186B0804634
:1022900003A800F08BFC00F0CFFC46F2207646F25B
:1022A000DA1708B11BA40AE00398B04206D10498DB
:1022B000B84203D1BDF814000C2829D017A4DDE9D9
:1022C0000312BDF81430164803F0A2F904F0F2F935
:1022D000054604F08DF901462A4612A003F098F94C
:1022E00000F058FC054600F09BFC02460C200096CE
:1022F000CDE901702B462146154803F089F9B8F164
:10230000000F02D0134803F068F906B0BDE8F08171
:1023100011A4D4E7666C61736800000072616D00FF
:1023200074AA00085B4346475D206D656173757252
:10233000652077617465723D256C75487A207365F8
:102340006E736F725F6F6B3D25750D0A00000000A4
:10235000C0AA000860AB000864656661756C7473A0
:102360000000000010B50446084600F0B3FA02462B
:102370000CB1214600E003A1BDE8104004A003F029
:1023800047B900006F7065726174696F6E0000007C
:102390005B4346475D204552522025732025730D2F
:1023A0000A00000070B5154C134B0025E2786189D6
:1023B0000D280AD00A2808D0002A12D1A0F1200244
:1023C0005F2A0FD36581012010E01AB1104600F09A
:1023D000DFF904E019B15D54074800F011F8658198
:1023E000E57070BD5F2903D365810220E07070BD88
:1023F0005854491C618170BDA03B0020E0000020C2
:1024000070B58AB0002404258DF8204004AE08ABD6
:10241000002852D0002114E0401C0278202AFBD072
:1024200012F0FF0F10D0A94247D246F82100491CF4
:10243000C9B200E0401C027832B1202AFAD100F87B
:10244000014B0278002AE8D119709DF8200001267E
:10245000002832D04AA10498FEF7BAF84A4D002865
:102460002DD04AA10498FEF7B3F8002830D049A136
:102470000498FEF7ADF8002835D047A10498FEF780
:10248000A7F8002835D046A10498FEF7A1F8002847
:1024900038D046A10498FEF79BF8002846D045A105
:1024A0000498FEF795F8002854D043A10498FEF74D
:1024B0008FF8002859D042A054E04BA052E09DF87C
:1024C0002000012801D04DA04CE02C71012006E035
:1024D0009DF82000012801D04FA043E00020FFF725
:1024E000D3FE0AB070BD9DF8201004A8FFF7E2FDEE
:1024F000F7E79DF82000012801D04DA032E0FFF75A
:102500007FFDEEE79DF82000012801D04EA029E0D4
:1025100000F0CCFB684600F049FB684600F0CDFDBA
:10252000010001D04FA00EE051A01BE09DF820005B
:10253000012801D058A015E000F038FC010005D0BA
:10254000072905D05BA0FFF70DFFCAE75BA009E0F4
:1025500062A007E09DF82000012801D068A001E0FA
:102560002E716DA003F039F8BBE79DF8200001281B
:1025700001D071A0F6E7764803F02FF875A0F1E7D7
:10258000636F6E6669670000E000002073686F7714
:102590000000000073657400736176650000000040
:1025A00064656661756C74730000000072656C6F21
:1025B000616400006C6F670068656C70000000006B
:1025C0005B4346475D2045525220756E6B6E6F77B8
:1025D0006E20636F6D6D616E643B20747970652051
:1025E00068656C700D0A00005B4346475D204552EC
:1025F000522073796E7461780D0A00005B43464780
:102600005D2045525220636F6E6669672073796E54
:102610007461780D0A0000005B4346475D20455217
:10262000522073686F772073796E7461780D0A0099
:102630005B4346475D2045525220736176652073A7
:10264000796E7461780D0A005B4346475D20455200
:10265000522064656661756C74732073796E746161
:10266000780D0A0064656661756C74730000000083
:102670005B4346475D204F4B2064656661756C7413
:10268000732061637469766520286E6F74207361AE
:10269000766564290D0A00005B4346475D2045527C
:1026A000522072656C6F61642073796E7461780D6D
:1026B0000A00000072656C6F616400005B4346476E
:1026C0005D204F4B2072656C6F616420736F757273
:1026D00063653D666C6173680D0A00005B434647A5
:1026E0005D204F4B2072656C6F616420736F757253
:1026F00063653D64656661756C74730D0A00000066
:102700005B4346475D20455252206C6F67207379CA
:102710006E7461780D0A00005B4346475D204F4BA5
:1027200020706572696F646963206C6F6720656EE5
:1027300061626C65640D0A005B4346475D2045524B
:10274000522068656C702073796E7461780D0A0090
:1027500014AB00085B4346475D20736176657C647B
:10276000656661756C74737C72656C6F61647C6C9A
:102770006F677C68656C703B20616C6961733A209F
:1027800077617465725F66756C6C5F687A0D0A00BC
:10279000012807D0022807D0032807D104A000BFD2
:1027A00002F01BBF0CA0FBE715A0F9E77047000083
:1027B0005B4346475D204552522072785F6F7665D5
:1027C00072666C6F77206C696E655F6469736361B4
:1027D000726465640D0A00005B4346475D20455204
:1027E00052206E6F6E5F61736369692F636F6E74E1
:1027F000726F6C5F6368617261637465720D0A0069
:102800005B4346475D20455252206C696E655F749C
:102810006F6F5F6C6F6E67206D61783D39350D0AA3
:10282000000000002DE9F0470E46194988422CD1DE
:10283000184CA078002828D0002060704FF00109C3
:10284000402E04D9402684F80090002501E00025A0
:1028500015E01148E78810F805803846FFF70EFDAF
:102860002189884202D184F8009006E00A4A403269
:1028700002F80780BFF35F8FE0806D1CADB2B542F8
:10288000E7D3BDE8F04700F009B8BDE8F0870000E5
:1028900048030020E0000020603A00200A4810B5FC
:1028A00090F84200094C202803D0002060700220DC
:1028B00010BD40220649044802F003FB10B100217C
:1028C000617010BD0121FBE748030020E0000020FB
:1028D000603A0020092818D2DFE800F00507090B4C
:1028E0000D0F111315000AA070470AA070470EA023
:1028F000704711A0704715A0704719A070471EA01F
:10290000704722A0704725A0704726A0704700009E
:102910006F6B0000696E76616C69645F61726775E8
:102920006D656E7400000000696E76616C69645FAD
:1029300076616C7565000000666C6173685F756E2A
:10294000617661696C61626C65000000666C617340
:10295000685F65726173655F6661696C65640000DC
:10296000666C6173685F70726F6772616D5F6661DC
:10297000696C656400000000666C6173685F766571
:10298000726966795F6661696C6564006465666139
:10299000756C74735F75736564000000627573799C
:1029A00000000000756E6B6E6F776E5F73746174FC
:1029B00075730000084A107800280BD0EFF31081DF
:1029C00072B6107818B100231370D38813810029D0
:1029D00000D162B670470000E00000202DE9F04110
:1029E000174CA078002828D0607830B9154890F8A6
:1029F0004200202801D1FFF751FFFFF7DBFF002144
:102A0000032508B16181E5700F4F88462089E18870
:102A1000884212D0BFF35F8F3E5CBFF35F8FFFF73A
:102A20002DFC20813046FFF7BDFCFFF7C3FF0028D7
:102A3000ECD0A4F80A80E570E8E7BDE8F08100007A
:102A4000E000002048030020A03A0020014800F0E8
:102A500023BF00009C010020014800F01DBF0000C2
:102A6000A0040020014800F017BF0000D40300209C
:102A7000014800F011BF000090030020014800F061
:102A80000BBF00005C040020014800F005BF0000FF
:102A90001804002030B590F840500124AC40C56BBC
:102AA0006C60046863604368102B036803D099600E
:102AB0000068C26030BD9A600068C16030BD704778
:102AC00070B5054600F0F9FA002809D100F006F9C2
:102AD0000E4C0646A07820B1304600F0E9FA0820F6
:102AE00070BD0C2229460A48FDF75EFC40B108483B
:102AF00095E80E0080E80E00002020700120607034
:102B0000304600F0D5FA002070BD0000D80000204B
:102B1000543A002070B54FF0FF320024094D0DE00B
:102B2000035D5A400023D60702D085EA520200E036
:102B300052085B1CDBB2082BF5D3641C8C42EFD32C
:102B4000D04370BD2083B8ED2DE9F04716460F46FF
:102B5000804600F0C3F800250C4C8146B8F1000F08
:102B60000AD14FB10C22394609486660FDF71CFCBA
:102B7000012138B125706170A5704846BDE8F04765
:102B800000F096BA21706570F6E70000D8000020CA
:102B9000543A002010B500F0A1F803494C6800F049
:102BA00087FA204610BD0000D800002010B50400B0
:102BB00009D000F093F8044B0ECB84E80E00BDE87A
:102BC000104000F075BA10BD543A0020F0B5124C18
:102BD000A3B00025A570684600F0C4F90F4F012688
:102BE00068B99DF8580050B11BAB93E8070087E81F
:102BF0000700267065701A98606023B0F0BD20A8A9
:102C000000F077F820AB93E8070087E8070025700D
:102C100066706560F1E70000D8000020543A00209B
:102C200010B500F05BF803494C7800F041FA2046FB
:102C300010BD0000D800002010B500F04FF8034987
:102C40000C7800F035FA204610BD0000D8000020B6
:102C500010B50446C08BA0F525415A3917D10D494E
:102C60002068884213D1A088012810D1E0880C2860
:102C70000DD104F10C0000F020FA40B918212046D3
:102C8000FFF748FFA169814201D1012010BD00205A
:102C900010BD000044434647401A04D0B0F1004F35
:102CA00001D201207047002070470000FEB5684641
:102CB00000F01FF89DE8700000F010F805490022B0
:102CC00081E8700004490A7001224A70BDE8FE40A4
:102CD00000F0EEB9543A0020D800002010B506F0FC
:102CE000C1FF012803D006F063FC012010BD0020C5
:102CF00010BD10B50C2464F30F0146F220720024BD
:102D000046F2DA1364F31F410260C0E9013110BDDD
:102D100070B50C460A46054601460023012000F026
:102D200029FF08B1052070BD2888A04201D00620E7
:102D300070BD002070BD70B58AB00D4606460024F7
:102D400028190088ADF820003019BDF82010FFF7D1
:102D5000DFFF00281ED1A41C1E2CF1D3E98B06F145
:102D60001E00FFF7D5FF002814D16946304600F059
:102D700013F86846FFF76CFF58B10298A9688842BB
:102D800007D10C2205F10C0103A8FDF70DFB00286B
:102D900000D006200AB070BD5FF0000250F822306B
:102DA00041F82230521C082AF8D370472DE9F04729
:102DB000A4B0FFF793FF1E498A782AB100F078F992
:102DC000082024B0BDE8F08701228A468A7000F00E
:102DD0006FF9684600F0C6F8040009D19DF8580064
:102DE00030B1DDE91C81DDE91A67894601250AE079
:102DF00020A8FFF77EFFDDE921810025209F89467D
:102E00002E4604B90724FFF769FF0A4B514683E8B1
:102E100080038AF800504DB100224A7000224E60B3
:102E20008AF8022000F044F92046CAE70122F4E7BC
:102E3000D8000020543A0020F0B5B5B0FFF74EFF9F
:102E400044498A7822B100F033F9082035B0F0BD4A
:102E50004A7882B1404B01258D700ECB22AC84E8BC
:102E60000E0000F025F922A800F027F9040006D092
:102E70000022114668E000F01BF90020E6E701A8F7
:102E800000F070F80400F3D19DF85C0010B11B9EB7
:102E9000761C00E001262EAA2DA901A800F0E2F878
:102EA000202125A8FDF76CFB2C482590ADF8985003
:102EB0000C2022ABADF89A00279693E8070028ABC8
:102EC000002783E80700ADF8B0704AF25A50ADF819
:102ED000B200182125A8FFF71DFE2B9000F08AFEF6
:102EE00028B100F03DFE0324002211462BE01C49CE
:102EF0003420C8602E9CE4B14FF0FF30CDE9325051
:102F000033A92F9731942FA800F0D6FD10B933982C
:102F1000401C01D0042411E000204FF480622158AD
:102F2000491C03D0062400F01BFE0AE0001D90425D
:102F3000F5D325A92D98FFF7FEFE044600F010FEFC
:102F400034B1002132462046FFF7FEFD20467DE7E2
:102F500022A9F7E7D8000020543A0020444346470E
:102F60000020024070B504000AD08021FDF708FB64
:102F70001C480088402805D0802803D0032070BD5D
:102F8000012070BD01252146174800F031F804F1F9
:102F90002C01164800F02CF8217804F1600649B1A4
:102FA00084F85850A068E065202204F10C013046F6
:102FB000FDF78AFA94F82C0088B194F8580020B1F3
:102FC000A16E206CFFF768FE48B184F85850606B22
:102FD000E065202204F138013046FDF775FA002043
:102FE00070BD0000E0F7FF1F00F8000800FC0008BB
:102FF0002DE9F0410C46074688B02C212046FDF70C
:10300000BFFA00264FF0010807EB46155FF00000FD
:1030100055F82010491C1DD069462846FFF7BCFE14
:103020006846FFF715FE78B1207820B161690298F3
:10303000FFF732FE40B184F800802022694604F197
:103040000C00A560FDF740FA761C202EDCD308B0FA
:10305000BDE8F081401C0828DAD360680028F3D16D
:103060006560F1E770B500230B60136090F858308D
:103070000D4C4BB10D4EC56D00F12C03B54207D27E
:1030800005461846344604E0436823B9006B05E062
:103090001D466B680BB10B6070BD406808B10860DD
:1030A00070BD14600C6070BD00F8000800FC0008E2
:1030B000002801D006F0C6BE7047C8B1026849F6C4
:1030C0005903A2F57A71994210D24168B1F57A7F1D
:1030D0000CD349F64043994208D88A4206D9511A7E
:1030E000642903D30089401E142803D302207047AB
:1030F000012070470020704772B6FEE706490020A5
:10310000C8610648016941F004010161016941F0AB
:10311000400101617047000030050020002002409E
:10312000064A0021D16106490A6942F002020A6199
:103130004861086940F04000086170473005002090
:1031400000200240044B0022DA61044A136943F074
:103150000103136101807047300500200020024008
:1031600014480022C168CB06134904D5CA6942F04D
:103170000202CA611022C3685B0705D5CB6943F020
:103180000103CB6142F00402C369DB0707D0CB69BE
:1031900043F00403CB61C16921F00101C161A2F5D3
:1031A0008071013901D0C2607047C16921F001010D
:1031B000C1617047002002403005002070B505460F
:1031C00000F022FE0646114C09E0681C07D025B12C
:1031D00000F01AFE801BA84201D9032070BDE068F0
:1031E000C007F2D1E068800601D52020E060E068E9
:1031F000C00605D4E069C00702D1E068400703D5E6
:10320000FFF7AEFF012070BD002070BD002002401E
:10321000F8B500250446009590F8240001280BD04D
:10322000012084F824002046FEF718FE2046FEF711
:1032300079FE060002D050E00220F8BDA06A20F41A
:10324000885040F00200A062022000F0ADFE254947
:103250000968B1FBF0F0400000E0401E009000283B
:10326000FBD12068816841F00801816000F0CCFD4D
:10327000074608E000F0C8FDC01B0A2803D92068F3
:103280008068000715D4206880680007F2D42068A1
:10329000816841F00401816000F0B6FD074612E04C
:1032A00000F0B2FDC01B0A280DD9206880684007D5
:1032B00009D5A06A20F0020040F01000A06284F856
:1032C00024500120F8BD206880684007E8D4A06A37
:1032D00020F0020040F00100A06284F82450304643
:1032E000F8BD00002C00002070470000F8B5002455
:1032F000009490F824202546012A12D0012280F85B
:1033000024204A681F23072A0DD20668776B521EB5
:1033100002EB820293409F430B6893401F43776305
:1033200019E00220F8BD06680D2A0AD2376BD21FB9
:1033300002EB820293409F430B6893401F43376325
:1033400009E0F76A0D3A02EB820293409F430B6853
:1033500093401F43F7620A68072306680A2A0AD3C4
:10336000F7680A3A02EB420293409F438B6893400E
:103370001F43F76008E0376902EB420293409F4326
:103380008B6893401F4337610A68102A01D0112AC5
:1033900020D1124B02689A4217D193681B0219D4AC
:1033A000936843F4000393600968102912D10C4913
:1033B0000C4A0968B1FBF2F101EB8101490000E020
:1033C000491E00910029FBD104E0816A41F02001EF
:1033D0008162012480F824502046F8BD0024014079
:1033E0002C00002040420F0070477047704770B5B6
:1033F0000446006806684568A90625D5B10723D5A7
:10340000A16AC90603D4A16A41F40071A16281686E
:10341000C1F34241072910D1217B71B9416821F0E4
:1034200020014160A06A20F48070A062A06AC004FC
:1034300003D4A06A40F00100A0622046FFF7D4FF49
:1034400021686FF01200086028062ED570072CD571
:10345000A06AC00603D4A06A40F40050A0622068AD
:103460008168C1F30231072909D04168490515D4A3
:103470008168C1F34241072910D1217B71B94168AC
:1034800021F080014160A06A20F48050A062A06A0F
:10349000C00503D4A06A40F00100A0622046FFF7F7
:1034A00023FF21686FF00C00086068060CD5F00758
:1034B0000AD0A06A40F48030A062204600F094F860
:1034C00021686FF00100086070BD00002DE9F04137
:1034D0004FF0000704003D467ED0A06A002628B9C0
:1034E000E66284F82460204600F080F82046FEF76B
:1034F000B5FCA16AC90600D420B1A06A40F0100052
:10350000A06269E0A16A21F4885141F00201A16240
:103510006268E169237B0A4347EA43010A43A168E1
:103520004FF48077B94209D0012907D05FF000013C
:1035300094F814C0BCF1010F02D00AE03946F7E755
:10354000F3B1A36A43F02003A362E36A43F00103EB
:10355000E3622368D3F804C02CF4694C4CEA010CF4
:10356000C3F804C021688B68DFF870C003EA0C035D
:1035700013438B60A168B9420BD0012909D00CE03C
:10358000DFF85CC0A3690CEB43330B4343F40061E9
:10359000DFE7218A0D05A5F580152168CB6A23F4A4
:1035A00070032B43CB62216889680E4B194091420E
:1035B00008D1E662A16A21F0020141F00101A16295
:1035C000BDE8F081A06A20F0020040F01000A06287
:1035D000E06A40F00100E0620120F1E7FDF7E1FF61
:1035E00000E0FFFFFE0E1FFF7047000070B586B0C1
:1035F000002506460095019502950395006825492A
:10360000884244D12449886940F4007088618869FF
:1036100000F400700490886940F0040088618869B3
:1036200000F004000490886940F00800886188690F
:10363000032400F008000490B120CDE9000469469D
:10364000164800F0EBFA009469461548019400F022
:10365000E5FA154C1348C4E900058020C4E902507E
:1036600040002061800060612020C4E906052046FA
:1036700000F0BCF908B1FFF73FFD346200220621DB
:103680001220666200F05EFC122000F04DFC06B0D5
:1036900070BD0000002401400010024000080140FD
:1036A000000C0140080002409C0100202DE9F04779
:1036B000894604463B4900683B4F0E1D90468842B0
:1036C00001D0B84207D1306810F4702F03D0012523
:1036D0002846BDE8F08794F8240001280CD001208A
:1036E00084F824002046FEF71DFC05004FF0000082
:1036F00004D084F82400EBE70220EAE7A16A40F650
:103700000162914341F48071A1622168B94218D1EC
:10371000326812F4702F14D0A16A41F48011A162B2
:103720003168490505D5A16A21F4005141F4805161
:10373000A162A16AC9040AD5E16A21F00601E16229
:1037400006E0A26A22F48012A2624968E9E7E06218
:1037500084F82400216A15488862216A1448C862E6
:10376000216A1448086321686FF00200086020682D
:10377000816841F480718160216843464A464C313A
:10378000206A00F061F920688168C1F3424107298D
:10379000816803D041F48011816099E741F4A00170
:1037A000FAE700000024014000280140B31E000891
:1037B0001B1F0008011F000810B590F821100022FF
:1037C000022905D00421816380F82020012010BD4A
:1037D00001680B6823F00E030B6001680B6823F08F
:1037E00001030B6090F84030C46B012101FA03F330
:1037F000636080F8211080F82020104610BD000082
:1038000010B590F821100024022903D0042181630F
:1038100001243DE001680A6822F00E020A60016896
:103820000A6822F001020A601A4A0168914201D135
:10383000012121E0174A1432914201D110211BE0ED
:10384000144A2832914201D1891515E0114A3C32BF
:10385000914201D189140FE00E4A5032914202D1B7
:103860004FF4803108E00B4A6432914202D14FF4A8
:10387000801101E04FF08071064A083A5160012141
:1038800080F82110002180F82010416B01B1884799
:10389000204610BD080002402DE9F05FC16B0C68A6
:1038A00001680B68D0F840C0042202FA0CF2494DBE
:1038B000DFF824A1494E4A4FDFF828B1DFF828E1AC
:1038C00022422CD05A072AD50A68920603D40A68E5
:1038D00022F004020A600168A94201D1042219E021
:1038E000514501D1402215E0B14202D14FF480622E
:1038F00010E0B94202D14FF480420BE0594502D1A9
:103900004FF4802206E0714502D14FF4800201E0BD
:103910004FF080622F4908394A60C16A3BE04FF09E
:10392000020808FA0CF818EA040F4FF000094FF0EB
:10393000010235D05FEA837832D50B689B0605D447
:103940000B6823F00A030B6080F821200168A9426C
:1039500001D1022219E0514501D1202215E0B142E6
:1039600002D14FF4007210E0B94202D14FF400527C
:103970000BE0594502D14FF4003206E0714502D107
:103980004FF4001201E04FF00072124908394A600A
:1039900080F82090816A00291AD0BDE8F05F0847BE
:1039A000082505FA0CF5254212D01B0710D50B6827
:1039B00023F00E030B6090F84010C36B02FA01F184
:1039C0005960826380F8212080F82090016BE2E743
:1039D000BDE8F09F080002401C0002403000024099
:1039E00044000240580002406C00024030B528B349
:1039F00008C8134914221944B1FBF2F18900C163CC
:103A000010498163022141771A6843F6F0718A43B5
:103A1000D0E900142143D0E902452C432143046935
:103A200021434469214384692143114319600021E2
:103A30004163012242770177084630BD012030BD45
:103A4000F8FFFDBF0000024070B5044690F820006A
:103A5000002501280CD0012084F8200094F8216072
:103A60000020012E06D084F820000225284670BDD3
:103A7000022070BD022684F82160A06320680668D9
:103A800026F0010606602046FFF704F8E06A0028E9
:103A90002068016802D041F00E0106E021F0040127
:103AA00001602068016841F00A0101602068016836
:103AB00041F001010160D9E72DE9F04705462648AC
:103AC0000F460126017E01290FD001218146017692
:103AD0002868DFF888804CF25034022808D0A246CB
:103AE0002046FFF76BFBA8B131E00220BDE8F0876C
:103AF0002046FFF763FB08BB0120FFF7FFFA2046D3
:103B0000FFF75CFBD8F81010064621F00401C8F856
:103B100010101CE04FF0FF303860AC6811E0204618
:103B2000FFF7FEFA5046FFF749FBD8F810100600E1
:103B300021F00201C8F8101001D03C6007E004F544
:103B40008064D5E9020100EB8120A042E7D8002182
:103B500089F818103046C9E73005002000200240DF
:103B60000348016941F080010161002070470000B5
:103B7000002002402DE9F05F07461C4888460024DB
:103B8000017E15461E46012909D001218146017694
:103B90004CF2503A5046FFF711FB18B122E00220D8
:103BA000BDE8F09F012F02D0022F00D00427D3469A
:103BB000DFF83CA0220128463146FCF7C8FB81B261
:103BC00008EB4400FFF7BEFA5846FFF7F7FADAF8B9
:103BD000102022F00102CAF8102018B9641CE4B2C7
:103BE000BC42E7D3002289F81820D9E7300500202D
:103BF00000200240064900200A69120607D5054A3E
:103C00004A60054A4A600969090600D501207047E3
:103C10000020024023016745AB89EFCD2DE9F84F25
:103C2000DFF8B8910024A9F1040B23460F2709F10E
:103C3000040AABF1040EC9E00125A5402A40AA42BE
:103C40007DD1674ED1F804C0ACEB0608B44532D044
:103C500014DCBCF1030F3AD009DCBCF1000F2AD010
:103C6000BCF1010F1CD0BCF1020F31D11DE0BCF141
:103C7000110F17D0BCF1120F2AD119E0B8F5881F27
:103C800019D006DCB8F5803F15D0B8F5801F1FD1DC
:103C900011E0B8F5001F0ED0B8F5041F18D10AE0E6
:103CA000CB6815E0CB681B1D12E0CB6808330FE032
:103CB000CB680C330CE08B682BB1012B4FF0080361
:103CC00003D0456104E0042302E0056100E0002325
:103CD000FF2A01D8064601E000F104064FEA8405F8
:103CE00001D9A5F12005D6F8008007FA05FC28EADD
:103CF0000C0803FA05F548EA0508C6F800804D6887
:103D0000ED0062D5374DAE6946F00106AE61AD6992
:103D100024F0030605F001050095334D06EB050C74
:103D2000DCF80850A607360F07FA06F825EA08055A
:103D3000DFF8B880404503D14FF0000817E044E0B9
:103D4000DFF8AC80404502D14FF001080FE0DFF80A
:103D5000A480404502D14FF0020808E0DFF89880C7
:103D6000404502D14FF0030801E04FF0040808FA83
:103D700006F848EA0508CCF808804D68D9F80060D4
:103D8000ED024D4601D5164300E096432E604D6886
:103D9000DAF80060AD02554601D5164300E09643BF
:103DA0002E604D68DBF80060AD035D4601D516431B
:103DB00000E096432E604D68DEF80060ED03754626
:103DC00001D5164300E096432E60641C0D682A4618
:103DD000E5407FF431AFBDE8F88F000008040140F2
:103DE00000001110001002400000014000080140D6
:103DF000000C014000100140001401400AB10161B3
:103E000070470904FBE70000014880687047000024
:103E100020000020024881680278114481607047C8
:103E200020000020074810B5016841F01001016032
:103E3000032000F0A7F80F2000F006F800F050F87B
:103E4000002010BD0020024030B50546204887B054
:103E5000C16941F00101C161C06906A900F001001A
:103E6000009001A800F0FEF90498B8B100F01AFA29
:103E7000400018494FF08042B0FBF1F11648491E4E
:103E80000260416040F2E7320021C0E90321816015
:103E9000816100F03DFC040003D015E000F002FA5F
:103EA000E7E70D4800F062FC04000DD11C2000F093
:103EB0003BF8102D07D2002229461C2000F042F8C2
:103EC0000648056000E0012407B0204630BD000030
:103ED0000010024040420F00E404002024000020B3
:103EE0000F4808B5816941F001018161816901F0E4
:103EF00001010091C16941F08051C161C069002296
:103F000000F0805000900F21901E00F01BF8054833
:103F1000416821F0E06141F00071416008BD00009E
:103F20000010024000000140002809DB00F01F02E1
:103F3000012191404009800000F1E020C0F800110B
:103F400070470000F0B40E4B1B680C46C3F302230D
:103F5000C3F10705042D00D90425191D072901D235
:103F6000002300E0DB1E012606FA05F1491E214070
:103F700099409E40761E16403143F0BC04F059BB78
:103F80000CED00E0064900F0070208684FF6FF0359
:103F9000184040EA0220034A1043086070470000BE
:103FA0000CED00E00000FA0510B501460020234C9E
:103FB000012922D0022939D010291DD16168226837
:103FC000D20119D51E48C1F38342C903805C0AD5CA
:103FD00061681B4AC1F34041921E515C194AB2FB11
:103FE000F1F1484301E0184948436168490203D4AC
:103FF00040000321B0FBF1F010BD226AC2F30121A1
:10400000012903D1920701D5C80310BD022905D1AA
:10401000626A920702D549F6404010BD0329FCD1DF
:1040200021688903F9D54FF2244010BD00F04AF908
:104030006168C1F38131491C4900DBE7001002408F
:10404000D0A8000800127A0000093D002DE9F843CD
:1040500005460078354CC00754D0E0690026C00002
:1040600008D4E06940F08050E061E069012600F08A
:10407000805000902E480168C90512D4016880461E
:1040800041F480710160FFF7BFFE074605E000BF05
:10409000FFF7BAFEC01B642823D8D8F80000C0057B
:1040A000F6D5206A10F4407021D0A98801F440713F
:1040B00081421CD0206A1F49012220F440700A600E
:1040C00000220A602062C00711D0FFF79DFE07465C
:1040D00041F2883808E000BFFFF796FEC11B41455A
:1040E00002D90320BDE8F883206A8007F4D5206A4E
:1040F000696820F44070084320621EB1E06920F036
:104100008050E0612878800705D56068A96820F4B0
:104110004040084360602878C00605D56068E968BB
:1041200020F48000084360600020DBE700100240BC
:1041300000700040400442422DE9F0470F46050060
:1041400061D0434E306800F00700B84209D23068B1
:1041500020F0070038433060306800F00700B842B4
:1041600051D128683B4C810712D5400703D56068C0
:1041700040F4E06060602878000703D5606840F490
:10418000605060606068A96820F0F00008436060DB
:104190002878C00728D06868012810D02168022834
:1041A00010D0890700292EDA616821F0030101434C
:1041B0006160FFF729FE804641F288390DE02168F1
:1041C0008903EFE78901EDE7FFF71EFEA0EB080189
:1041D000494502D90320BDE8F0876068696800F0AE
:1041E0000C00B0EB810FEFD1306800F00700B8424F
:1041F0000BD9306820F0070038433060306800F099
:104200000700B84201D00120E5E72878400705D52E
:104210006068E96820F4E06008436060287800077F
:1042200006D56068296920F4605040EAC1006060EA
:1042300000F058F86168084AC1F30311515CC840A6
:104240000649086006480068FFF7FEFD0020C2E747
:104250000020024000100240E0A800082C000020CE
:10426000240000200F2202600C4A536803F003036D
:104270004360536803F0F0038360536803F4E06322
:10428000C36052684FF4E06303EAD202026104485B
:10429000006800F00700086070470000001002404E
:1042A000002002400448054900684968044AC1F3F7
:1042B0000221515CC84070472C00002000100240D1
:1042C000F0A800080448054900684968044AC1F399
:1042D000C221515CC84070472C00002000100240F1
:1042E000F0A800080E4A51680E4801F00C03042B98
:1042F00011D0082B0FD10C48C1F38343C903C05C14
:104300000AD55168084AC1F34041921E515C054AE2
:104310005043B0FBF1F07047044948437047000038
:104320000010024000127A00BEA8000800093D00FB
:104330002DE9F84F040070D02078C04DC00749D057
:104340006868C0F38100012807D06868C0F3810065
:10435000022809D16868C00306D52868800339D5CA
:1043600060680028E7D035E06068B0F5803F0BD08A
:1043700010B1B0F5A02F11D0286820F4803028604B
:10438000286820F4802002E0286840F4803028600B
:10439000606890B1FFF738FD06460AE0286840F4EF
:1043A00080202860F0E700BFFFF72EFD801B642807
:1043B00073D828688003F7D50CE0FFF725FD064683
:1043C00005E000BFFFF720FD801B6428F0D82868B7
:1043D0008003F7D420789A4E80074FF001094FF000
:1043E000000839D5686810F00C0F07D06868C0F372
:1043F0008100022809D16868C00306D428688007B4
:1044000014D52069012808D110E02069B0B1C6F8A0
:104410000090FFF7F9FC074605E00AE1FFF7F4FC1E
:10442000C01B0228C4D828688007F7D528686169AE
:1044300020F0F80040EAC10028600DE0C6F80080D6
:10444000FFF7E2FC074604E0FFF7DEFCC01B022892
:1044500023D828688007F7D4207800072CD579481E
:10446000A169D9B1C0F80090FFF7CEFC074604E07F
:10447000FFF7CAFCC01B02280FD8686A8007F7D56F
:1044800071484FF4FA510068B0FBF1F0009000BFA2
:104490000098411E0091FAD20EE080E0C0F8008042
:1044A000FFF7B2FC074604E0FFF7AEFCC01B022892
:1044B00075D8686A8007F7D42078400760D5E86926
:1044C0000027C00008D4E86940F08050E861E8693E
:1044D000012700F0805000905C480168C90513D4A2
:1044E0000168834641F480710160FFF78DFC8246CC
:1044F00006E000BFFFF788FCA0EB0A0064284ED856
:10450000DBF80000C005F5D5E06801280AD008B145
:10451000052813D0286A20F001002862286A20F0BC
:10452000040002E0286A40F001002862E06841F2DD
:10453000883B98B1FFF768FC82460BE0286A40F0A0
:1045400004002862EEE700BFFFF75EFCA0EB0A0163
:1045500059455AD8286A8007F6D50CE0FFF754FC75
:10456000824605E0FFF750FCA0EB0A0159454CD804
:10457000286A8007F6D41FB1E86920F08050E8610E
:10458000E06988B36968C1F38101022944D0022837
:10459000C6F8608004D0FFF737FC044638E034E00A
:1045A000FFF732FC074604E0FFF72EFCC01B022891
:1045B0002BD828688001F7D4206AB0F5803F05D158
:1045C0006868A16820F4003008436860D4E90801F5
:1045D0000843696821F4741108436860C6F8609064
:1045E000FFF712FC044606E025E000BFFFF70CFCD5
:1045F000001B022809D828688001F7D51BE000BFFE
:10460000FFF702FC001B022802D90320BDE8F88F47
:1046100028688001F4D40EE00128F7D06868226A87
:1046200000F48031914204D1616A00F47010884234
:1046300001D00120EAE70020E8E700000010024076
:1046400000004242800442422C00002000700040E2
:104650007047704710B590F83C20012A22D0012203
:1046600080F83C20CA688C6822F4407222434C686F
:1046700022F4806222430C6822F4006222430C6917
:1046800022F4805222434C6922F400522243C96929
:10469000002322F480420A4301684A6480F83C30D7
:1046A000002010BD022010BD70B590F83C20012AFA
:1046B00026D0012480F83C40022280F83D20036887
:1046C0005A689D6822F070060A6832435A600D4BA2
:1046D00002689A4208D0B2F1804F05D00A4B9A4244
:1046E00002D00A4B9A4204D1496825F0800319434D
:1046F000916080F83D40002180F83C10084670BD74
:10470000022070BD002C0140000400400008004061
:1047100010B5040003D094F83D0010B107E001206B
:1047200010BD002084F83C00204600F01EF8022056
:1047300084F83D00211D206802F08AFA012084F8E7
:10474000460084F83E0084F83F0084F8400084F876
:10475000410084F8420084F8430084F8440084F85F
:10476000450084F83D00002010BD704790F83D10D2
:10477000012901D001207047022180F83D10016815
:10478000CA6842F00102CA6000680B49884208D03A
:10479000B0F1804F05D00949884202D008498842CB
:1047A00004D1816801F00701062903D0016841F0B6
:1047B0000101016000207047002C0140000400400E
:1047C00000080040074910B5884209D1007F012840
:1047D00006D1054C6068401C6060FFF715FBA060C7
:1047E00010BD000028020020C80000202DE9F04183
:1047F000054690F83C0000260C46012810D0012008
:1048000085F83C0072B1042A1CD0082A2CD00C2A4E
:1048100050D00126002085F83C003046BDE8F081EC
:104820000220FBE7D4E90012E368286802F0FCFAF2
:104830002868816921F00C01816128688169A2687A
:1048400011430FE0D4E90012E368286802F018FB76
:104850002868816921F44061816128688169A268C2
:1048600041EA02218161D5E72868D4E9002C277B41
:10487000036A016A21F480710162C16923F4007343
:1048800021F0030141EA0C0121F0F00C39074FF44B
:1048900000774CEA116107EA02221A43C161026201
:1048A0002868C16921F00C01C1612868C169A2684A
:1048B00011432BE02868D4E90021E768036AD0F8A7
:1048C00020C02CF4805CC0F820C0D0F81CC023F4B9
:1048D00000532CF4407C4CEA012121F4704C4FF63B
:1048E000FF7101EA07314FF4005741EA0C0107EA72
:1048F00002321A43C16102622868C16921F4406131
:10490000C1612868C169A26841EA0221C16181E7E9
:1049100010B5040003D094F83D0010B107E0012069
:1049200010BD002084F83C00204600F01FF8022053
:1049300084F83D00211D206802F08AF9012084F8E6
:10494000460084F83E0084F83F0084F8400084F874
:10495000410084F8420084F8430084F8440084F85D
:10496000450084F83D00002010BD000000B585B072
:104970000021009101910291039100681149884240
:104980001ED11148C16941F00201C161C16901F044
:1049900002010491816941F00401816180696946E5
:1049A00000F004000490402000900848FFF736F91A
:1049B000002206211D20FFF7C5FA1D20FFF7B4FADB
:1049C00005B000BD00040040001002400008014096
:1049D00030B50446002551B104290DD0082910D066
:1049E00094F8410094F84520012811D10EE094F884
:1049F0003E0094F84220F7E794F83F0094F84320F3
:104A0000F2E794F8400094F84420EDE7012A01D041
:104A1000012030BD022059B1042912D0082919D033
:104A200084F8410084F845000C2938D0012534E091
:104A300084F83E0084F842002068C26842F0020216
:104A400010E084F83F0084F843002068C26842F018
:104A5000040207E084F8400084F844002068C2683B
:104A600042F00802C2600122206802F02DF90E49CE
:104A70002068884208D0B0F1804F05D00B498842A9
:104A800002D00B49884204D1816801F00701062950
:104A900003D0016841F001010160284630BD206863
:104AA000C26842F01002DDE7002C01400004004023
:104AB000000800402DE9F04104460068C668056919
:104AC0004FF00007A90713D5B10711D5F91E0161F1
:104AD00001202077206880698007204602D0FFF7F8
:104AE00071FE04E000F0BCF8204600F06DF9277775
:104AF000680716D5700714D521686FF004000861A7
:104B0000022020772068806910F4407F204602D080
:104B1000FFF758FE04E000F0A3F8204600F054F937
:104B20002777280715D5300713D521686FF00800BF
:104B30000861042020772068C0698007204602D0E1
:104B4000FFF740FE04E000F08BF8204600F03CF94F
:104B50002777E80616D5F00614D521686FF0100007
:104B60000861082020772068C06910F4407F204643
:104B700002D0FFF727FE04E000F072F8204600F0B4
:104B800023F92777E80708D0F00706D021686FF0EF
:104B900001000861204600F067F9280608D53006B4
:104BA00006D521686FF0800008612046FFF750FDB0
:104BB000680608D5700606D521686FF040000861C8
:104BC000204600F058F9A8060AD5B00608D5216895
:104BD0006FF0200008612046BDE8F041FFF739BDC5
:104BE000BDE8F08100B585B00021009101910291EE
:104BF0000391164B0268164802219A420FD182692E
:104C000042F0040282618069039100F00400049084
:104C10004FF41060CDE9000169460E4811E00E4BDB
:104C20009A4210D1826942F0080282618069039140
:104C300000F0080004904FF47070CDE9000169465F
:104C40000648FEF7EBFF05B000BD0000002C014058
:104C5000001002400008014000080040000C014024
:104C6000704770B5044690F83C0000260D460128B8
:104C70000FD0012084F83C006AB1042A1DD0082A14
:104C80002FD00C2A3FD00126002084F83C0030466B
:104C900070BD022070BD206802F024F82068816990
:104CA00041F0080181612068816921F0040181617E
:104CB000206881692A69114311E0206802F03AF8FE
:104CC0002068816941F4006181612068816921F473
:104CD00080618161206881692A6941EA02218161DC
:104CE000D2E7206802F052F82068C16941F008015B
:104CF000C1612068C16921F00401C1612068C169F6
:104D00002A69114311E0206802F06CF82068C1693B
:104D100041F40061C1612068C16921F48061C16111
:104D20002068C1692A6941EA0221C161ACE710B576
:104D3000040003D094F83D0010B107E0012010BD3D
:104D4000002084F83C00204600F01EF8022084F881
:104D50003D00211D206801F07BFF012084F8460002
:104D600084F83E0084F83F0084F8400084F8410055
:104D700084F8420084F8430084F8440084F8450035
:104D800084F83D00002010BD08B50C4A01680C48AD
:104D9000914207D1816941F400618161806900F429
:104DA000006009E0074A914207D1C16941F004015E
:104DB000C161C06900F00400009008BD002C0140F2
:104DC00000100240000800407047000010B5044683
:104DD000022249B104290ED0082913D094F84100C9
:104DE000012816D0012010BD94F83E000128F9D109
:104DF00084F83E200FE094F83F000128F2D184F8B7
:104E00003F2008E094F840000128EBD184F84020CE
:104E100001E084F841200122206801F055FF0F498C
:104E20002068884203D1426C42F400424264206808
:104E3000884208D0B0F1804F05D00949884202D09D
:104E40000849884204D1816801F00701062903D08E
:104E5000016841F001010160002010BD002C0140FB
:104E600000040040000800400068B0F1804F01D10C
:104E7000FEF7D0BF7047704738B5044690F842003F
:104E8000202801D0022038BD51B14AB10120206351
:104E900000206063204603F0E3FA216B012901D072
:104EA000012038BD21680A684968009121680C31E9
:104EB00051E8002F42F0100241E80023002BF5D109
:104EC00038BD18B5034690F84200202801D00220D2
:104ED00018BD61B15AB1012018630020586318460B
:104EE00003F006FB0028F3D1196B012901D0012042
:104EF00018BD19680A684968009119680C3151E8B1
:104F0000002F42F0100241E80024002CF5D118BD1A
:104F100070B50C46054602F071FE21462846BDE8F4
:104F20007040FDF77FBC10B5044602F057F92046EB
:104F300000F0EAFA2046BDE81040FDF74DB8000049
:104F4000F8B5016804460868CA684B6910F00F0F8D
:104F50004FF0000559D003F0010602F49077374373
:104F600065D0C10705D0D10503D5616C41F00101C1
:104F70006164410705D5D90703D0616C41F0020196
:104F80006164810705D5D90703D0616C41F0040144
:104F90006164010707D502F02001314303D0616C41
:104FA00041F008016164616C00293AD0800604D5A3
:104FB000900602D5204603F095F920684069616C9F
:104FC000C0F38010090700D460B3204603F055F900
:104FD00020684069400621D52068143050E8001F41
:104FE00021F0400140E80012002AF5D1E06BA8B1A1
:104FF0006D494163E06BFEF703FC002811D0E06BC4
:10500000416B01B0BDE8F040084783060FD5930619
:105010000DD52046BDE8F84003F064B92046FFF7FF
:1050200082FFF8BD2046FFF77EFF6564F8BD266B62
:105030002023012E7CD1C6067AD5D60678D50868FD
:105040004868009048694FF00206400640D5E16B81
:10505000086840680004000CE8D0A28D8242E5D9BF
:10506000E085886920282DD020680C3050E8001F8A
:1050700021F4807140E80012002AF5D12068143034
:1050800050E8001F21F0010140E80012002AF5D18C
:105090002068143050E8001F21F0400140E8001261
:1050A000002AF5D184F84230256320680C3050E89E
:1050B000001F21F0100140E80012002AF5D1E06B3A
:1050C000FEF77AFB6663A08DE18D401A81B22AE07B
:1050D000A08DE18D401A81B2E08D0028A6D0002974
:1050E000A4D022680C3252E8000F20F4907042E8FD
:1050F0000007002FF5D12068143050E8002F22F06F
:10510000010240E80027002FF5D184F842302563E2
:1051100020680C3050E8002F22F0100240E80023F5
:10512000002BF5D166632046FFF7F2FEF8BDFFE7DE
:1051300005062BD5150629D594F841002128F5D16F
:10514000A068B0F5805F01D12069B0B1206A411C30
:105150002162216800784860E08C401E0004000C49
:10516000E084E3D12068C16821F08001C16020683B
:10517000C16841F04001C160D8E7206A0088C0F3EF
:1051800008004860206A801C2062E5E74006CDD513
:105190005006CBD5CA68204622F04002CA6084F887
:1051A000413000F0A5F9C1E73181000870B5040075
:1051B00004D094F84100002510B106E0012070BD34
:1051C00084F84050204600F023F8242084F8410061
:1051D0002068C16821F40051C160204603F0E4F862
:1051E0002068016921F4904101612068416921F042
:1051F0002A0141612068C16841F40051C1606564C1
:10520000202084F8410084F842006563002070BDCE
:105210002DE9F04786B00024009401940294039491
:105220000546DFF82C82D0F800C08A48022103220C
:10523000894B102780264FF480694FF0200AC4451F
:1052400058D1D0F818C04CF4804CC0F818C0D0F831
:1052500018C00CF4804CCDF810C0D0F818C04CF039
:10526000040CC0F818C08069039200F00400049098
:105270000802CDE90001694698461846FEF7CEFCC3
:10528000CDE90094694640460294FEF7C7FCDFF87A
:10529000D08172494046B146C0E90014C0E90246D7
:1052A000C8F81040C8E9054AC8F81C40FEF79EFB44
:1052B00008B1FDF721FF6A4E6848C5F83C804436C6
:1052C0001438C8F824503060C6E90174C6E9039464
:1052D0007461B4613046F461FEF788FB08B1FDF7F4
:1052E0000BFFAE630022052125207562FEF72AFE22
:1052F000252061E0DFF86C81C44562D1D0F81CC084
:105300004CF4003CC0F81CC0D0F81CC00CF4003CAD
:10531000CDF810C0D0F818C04CF0040CC0F818C07C
:105320008069039200F0040004900420CDE900019C
:10533000694698461846FEF771FC0820CDE900043E
:105340000120029069464046FEF768FCDFF81081B4
:10535000424908F1880840462831C0E90246C8F8A9
:105360001040C8F81440C8F81840C8E90017C8F839
:105370001C40FEF73BFB08B1FDF7BEFE384F374837
:10538000C5F83880CC371430C8F82450C7E9000479
:10539000C7E902463C61C7E9054A3846FC61FEF7A9
:1053A00025FB08B1FDF7A8FEEF63002205212620AA
:1053B0007D62FEF7C7FD2620FEF7B6FD06B0BDE80C
:1053C000F087294B9C45F9D1C36943F48023C3611D
:1053D000C36903F480230493836943F00803836162
:1053E0008069CDE9009100F00800CDE90320DFF8E5
:1053F0007C8069464046FEF711FC4FF40060CDE921
:105400000004694640460294FEF708FCDFF860801D
:10541000124940463C39C0E90246C8F81040C8F875
:105420001440C8F81840C8E90017C8F81C40FEF737
:10543000DDFA08B1FDF760FEC5F8388000220621CC
:105440002720C8F82450FEF77DFD2720B4E7000090
:10545000003801400010024000080140580002409E
:10546000900300200044004000480040000C014030
:10547000A00400207047704770B5044690F84100C2
:10548000202801D0022070BD49B342B32162A2841A
:10549000E28400206064212384F84130A56B114B25
:1054A000AB62A56B104BEB62A56B104B2B63A36B30
:1054B0005863256813462A1DA06BFEF7C5FA2168BC
:1054C0006FF0400008602068143050E8001F41F081
:1054D000800140E80012002AF5D1002070BD0120B3
:1054E00070BD00002F820008718200084181000811
:1054F00010B5044602F0D5FD2046BDE8104000F08E
:10550000B5B97047FEE7000070B5044619488442FB
:105510002ED1606CC0062BD5174D6878002827D097
:10552000012028702068143050E8001F21F080010D
:1055300040E80012002AF5D120680C3050E8001F26
:1055400021F0400140E80012002AF5D1A06B08B11B
:10555000FEF732F9202084F84100EFF3108072B694
:105560000021697000B962B6BDE8704000F076B8FD
:1055700070BD0000480300200001002070B5EFF36B
:10558000108472B600200B4D6880A8806870287067
:10559000FEF73AFCA86004B962B607494FF4E1305F
:1055A00048600846FFF702FEBDE8704003A000F027
:1055B00014B8000000010020480300204C4F472091
:1055C00069732072656164790D0A0000401C80B225
:1055D000B0F5007F00D3002070472DE9F0410600B0
:1055E00014D0FAF70DFF04464FF480374FF6FF78DA
:1055F0000AE0BC4201D3454600E0A5B22946304648
:1056000000F046F92E44641B002CF2D1BDE8F08175
:105610000FB470B5C8B04C9A002A19D04FF49076E8
:1056200000244DAB31466846FAF7A4FE0A4D002827
:1056300001DA01200BE0B04202D340F21F10012436
:1056400081B2684600F024F9002C01D002202870B5
:1056500048B070BC5DF814FB000100202DE9F04754
:105660000026EFF3108572B61D4C607818B960887B
:10567000A188884202D175B3BDE8F087012060702F
:10568000A788DFF8608008F5007909E018F80710AE
:1056900009F806103846FFF799FF761C0746B6B2A0
:1056A0006088874201D0402EF0D305B962B600254C
:1056B0005EB132460C490D48FFF7DEFE0100217055
:1056C000EFF3108072B608D002E0EFF3108072B6EC
:1056D00065700028D0D162B6CEE7A780F9E7000058
:1056E00000010020683C0020683E002048030020A4
:1056F00000F08CBD2DE9F04F9DB0FEF785FB5949B8
:105700008A68821AB2F57A7F7DD3886000F056FFEE
:1057100006004FF02B0B03D570424FF02D0B06B255
:1057200000F0FCFE05004FF02B0702D540422D276C
:1057300005B200F0EDFE824600F00AFF814601F05E
:1057400009FF0B9000F05CFC0A9001F04FF91790F4
:1057500001F044F9169000F013FF159000F00AFFD5
:10576000149001F035F9139001F06AF9129001F0EC
:105770004BF9119001F042F9109002F001FF0F90E7
:1057800001F07EFC0E9000F0B9FC0D9000F072FB71
:105790000C90032000F0E2FE0990042000F0DEFEF1
:1057A0000A24B9FBF4F1B9FBF4FC04FB1191CDE937
:1057B00006C1BAFBF4F1BAFBF4F904FB11A8089096
:1057C000CDF8148000F014FF039000F017FF95FB54
:1057D000F4F104FB115101F0FF0A96FBF4F195FB83
:1057E000F4F596FBF4F204FB11610DF1500ECBB20F
:1057F0009EE812110DF1540E8EE812110DF1400EBB
:105800009EE8121100E029E00DF1440E8EE812111D
:105810000DF1300E9EE812110DF1340E8EE81211CA
:10582000DDE9088C0B990991CDE90B8C05AC94E866
:10583000021106ACCDF8149084E802110399CDF85A
:1058400008A0CDE90301CDE9007559460648FFF7E8
:10585000DFFE1DB0BDE8F04F01F0DCBE1DB0BDE8BD
:10586000F08F000000010020E4AB000806498842E8
:1058700009D1EFF3108072B60021044A517000B9CB
:1058800062B6FFF7EBBE704748030020000100201E
:105890002DE9F0470F465FEA000823D0002F21D002
:1058A000EFF3108672B600250F4CDFF840900FE042
:1058B0006088FFF78BFEA188884201D102200AE0B0
:1058C00018F80520638809F8032060806D1CADB2CC
:1058D000BD42EDD30020207006B962B6BDE8F047A6
:1058E000FFF7BCBEBDE8F08700010020683C002047
:1058F000FEB500242B4800940194294902940160CC
:1059000089158160012606730475062505614FF42B
:1059100060214460C161FDF7D9FD08B1FDF7ECFBE2
:1059200004270097CDE9016569461E48FDF7DEFCB6
:1059300008B1FDF7E1FB05260220CDE900606946CC
:105940001848FDF7D3FC08B1FDF7D6FB07200090FF
:105950000320019069461348FDF7C8FC08B1FDF724
:10596000CBFB0820CDE9000769460E48FDF7BEFCD9
:1059700008B1FDF7C1FB0920CDE9000669460948D9
:10598000FDF7B4FC08B1FDF7B7FB69460548CDE962
:105990000045FDF7ABFC002801D0FDF7ADFBFEBDD7
:1059A000002401406C0100201D4808B5416941F008
:1059B000010141614069002200F0010000900621D0
:1059C0000B20FEF7BFFA0B20FEF7AEFA00220621ED
:1059D0000C20FEF7B7FA0C20FEF7A6FA00220621EB
:1059E0000E20FEF7AFFA0E20FEF79EFA00220621E7
:1059F0000F20FEF7A7FA0F20FEF796FA00220621E5
:105A00001020FEF79FFA1020FEF78EFA00220621E2
:105A10001120FEF797FABDE808401120FEF784BA7E
:105A20000010024010B5FCF7BBFA1C4A00211C48CC
:105A300002F04EFF1B4C194A0021206024321A4804
:105A400002F046FF154A606048320021174802F014
:105A50003FFF124AA0606C320021154802F038FF67
:105A60000E4AE06090320021124802F031FF0B4AEA
:105A70002061B4320021104802F02AFF074A606119
:105A8000D83200210D4802F023FF044AA061FC3205
:105A900000210B4802F01CFFE06110BD9CA700082C
:105AA0003D68000800000020C56E0008715F000816
:105AB000FD6100088D850008D51F0008F15600081B
:105AC000356C0008F0B585B0002525480095019596
:105AD00002950395816941F020018161816901F09E
:105AE00020010491816941F004018161816901F023
:105AF00004010491816941F0080181618069194EB6
:105B000000F008000490002248F202013046FEF73F
:105B100075F9012211033046FEF770F9124F002289
:105B20004CF238013846FEF769F901225103384634
:105B3000FEF764F949F2020001248DE8310069465C
:105B400030460394FEF76AF84EF238008DE83100D3
:105B5000694638460394FEF761F805B0F0BD0000D1
:105B60000010024000080140000C014010B592B046
:105B700000240F941C2168461094FAF701FD20219F
:105B800007A8FAF7FDFC2448224901604721C0E933
:105B9000011440F2E731C0E9031444618461FFF766
:105BA000C6F808B1FDF7A8FA0F940FA91A48109487
:105BB000FEF77AFD08B1FDF79FFA6020CDE90004F9
:105BC00002940394049405940022694612480694B2
:105BD000FFF747F808B1FDF78FFA0C2269460E4827
:105BE000FFF73FF808B1FDF787FA07940894099486
:105BF0004FF400500A94CDE90B4007A906480E94D3
:105C0000FEF728FD08B1FDF777FA0348FEF7EAFF33
:105C100012B010BD002C0140E001002010B586B08C
:105C200000241848059404940094019402941449A3
:105C3000039401600721C0E901144FF6FF71C0E928
:105C400003148461FEF764FE08B1FDF755FA04946D
:105C500004A90C480594FEF727FD08B1FDF74CFA9E
:105C60000120CDE9004002940022694605480394D2
:105C7000FEF7BCFD002801D0FDF73EFA06B010BDCE
:105C8000000400402802002010B58AB000240794C8
:105C90001C2168460894FAF773FC224820490160E9
:105CA0004721C0E9011440F2F311C0E903148461F3
:105CB000FFF73DF808B1FDF71FFA079407A9194847
:105CC0000894FEF7F1FC08B1FDF716FA6020CDE963
:105CD000000402940022694612480494FEF7C1FFB2
:105CE00008B1FDF709FA042269460E48FEF7B9FF2C
:105CF00008B1FDF701FA082269460A48FEF7B1FF2C
:105D000008B1FDF7F9F90C2269460648FEF7A9FF2C
:105D100008B1FDF7F1F90348FEF764FF0AB010BDC2
:105D200000080040700200200C4810B50A490160CC
:105D30000B494160002181600C22C160C0E904125E
:105D40008161C161FFF732FA002803D0BDE810403D
:105D5000FDF7D2B910BD000000380140B8020020A4
:105D6000009411000C4810B50A4901604FF4165117
:105D70004160002181600C22C160C0E90412816190
:105D8000C161FFF713FA002803D0BDE81040FDF70A
:105D9000B3B910BD00440040000300200C4810B50A
:105DA0000A4901604FF4E1314160002181600C2219
:105DB000C160C0E904128161C161FFF7F7F90028F1
:105DC00003D0BDE81040FDF797B910BD0048004072
:105DD00048030020FEE7000070B50D46040007D020
:105DE00000F056FC20B90C4A002454709470D47012
:105DF0005DB100221146094800F090F82246BDE846
:105E000070400C21054800F089B822460021034863
:105E100000F084F80022F2E7B0000020E00100204A
:105E20000149002008717047B0000020C268642951
:105E300000D96421501C48436421B0FBF1F090422A
:105E400000D910467047000009498878002807D11A
:105E50004878012805D0022805D0032805D0002065
:105E6000704721207047422070476420704700002F
:105E7000B00000200148407870470000B0000020CA
:105E80000148007970470000B000002010B50021E3
:105E90000B48FEF79BFF0C210948FEF797FF094CC2
:105EA00000206070A070E070207160712070FDF7BC
:105EB000ABFFE0602178BDE810400020FFF78CBF09
:105EC000E0010020B00000200148C07870470000C9
:105ED000B000002070B5104D0446032801D90324FA
:105EE00000E024B1287940B900F0D2FB28B16C70F1
:105EF0000020A8702CB1012004E0BDE8704000F043
:105F00002BB80020E870002804D12978BDE8704043
:105F1000FFF762BF70BD0000B000002010B504465E
:105F200049B104290DD00829114610D0FFF77EFF92
:105F30002168086410BD1146FFF778FF21684863A7
:105F400010BD1146FFF772FF2168886310BDFFF78F
:105F50006DFF2168C86310BD044800214170817045
:105F6000C17001780020FFF737BF0000B0000020AB
:105F700000F057B910B5184CE07810B100F088FB6C
:105F8000C0B1FDF741FFE17859B1617949B1E168EC
:105F9000A268411A914204D3217879B1002121707D
:105FA000E06000F0E7FAE17851B1B0F5FA6F07D997
:105FB00001202071BDE81040FFF7CEBF0121EEE7C0
:105FC000FFF742FFE1780029217800D10020BDE8E9
:105FD0001040FFF701BF0000B0000020FEE710B541
:105FE000002000F01BF8BDE8104000F00FB810B51D
:105FF000002000F013F8BDE8104000F007B80000E2
:1060000001480078704700000C0100200248002180
:1060100041704160704700000C01002010B5040081
:1060200001D0012200E000224FF400410448FDF7B6
:10603000E5FE0CB1012000E000200249087010BD0F
:10604000000C01400C01002070B500F061FA05461B
:1060500001F080FA044601F0BFFA14B108B1FA2D3C
:1060600003D90020FFF7DAFF18E00E4CF02D12D212
:10607000FDF7CAFE617851B16168401A42F21071B1
:10608000884207D3BDE870400120FFF7C7BF012158
:106090006170606070BD20780028FBD1BDE8704061
:1060A000FFF7B4BF0C01002070B50F4C0F4E4FF43A
:1060B000004501280AD002280AD00022294630468D
:1060C000FDF79CFE00221021204609E0002200E09E
:1060D000012210212046FDF791FE0122294630467B
:1060E000BDE87040FDF78ABE000C01400008014089
:1060F0000149002048707047C00000200148007826
:1061000070470000C0000020014840787047000040
:10611000C000002010B5064C002020706070A070F8
:10612000FDF772FE6060BDE810400020FFF7BCBFC5
:10613000C000002010B500B10120094C0028A0705B
:106140000CD12078022809D100202070FDF75CFED8
:106150006060BDE810400020FFF7A6BF10BD000042
:10616000C000002070B50F4D04000AD0012C04D0EF
:10617000022C05D1A87818B103E000F089FAFAE7FB
:106180000024687808B1002C0BD12878844202D012
:10619000FDF73AFE68602C702046BDE87040FFF7BE
:1061A00083BF70BDC000002070B5124C207801285C
:1061B00002D100F06DFAB8B100F0E2F921780029BF
:1061C00017D040F6B832012590420CD8022910D1E0
:1061D000FDF71AFE6168401A0749884209D900F0A4
:1061E0000DFA002805D06570BDE870400020FFF76B
:1061F000B9BF70BDC00000200053070000F017B801
:1062000001F0A8FE322002F027FBF9E7FCF7E6FBDD
:10621000FCF72EF808B1FFF76DFA322002F01CFBF4
:10622000F4E7FFF7A7FE142002F016FBF9E7FFF7EB
:10623000BBFF322002F010FBF9E700F001FB142055
:1062400002F00AFBF9E7FFF7FFFE00F06BFC3220DB
:1062500002F002FBF7E700F037FE642002F0FCFAE0
:10626000F9E702F0BFF9322002F0F6FAF9E7000090
:10627000002806D003494A6A02608A6A4260C96AF5
:1062800081607047243A0020014880687047000010
:10629000C800002070B5194D00242C606C60AC6003
:1062A000182105F10C00FAF76BF96C621448AC6226
:1062B000EC62047044608460124C01220821204684
:1062C000FDF79CFD012291032046FDF797FD0E4846
:1062D000FCF79EFF062229460B48FDF7E7F908B1B7
:1062E000FCF70AFF00210948FEF772FB002803D0E3
:1062F000BDE87040FCF700BF70BD0000243A0020EC
:10630000C8000020000C01406C0100202802002081
:10631000EFF3108172B6044A5068002353600029DD
:1063200000D162B670470000C8000020F0B50F4CE5
:106330000F4D0020237805F10C0202F1180600BF72
:1063400035F8101083B152F82070A7EBD707394405
:1063500042F82010C90826F81010401CC0B20628C8
:10636000EED301202070F0BDC900F1E7C800002085
:10637000243A002070B51A4E052826D940F6FA7145
:10638000884222D203F0DAFF164903F0C1FE044628
:1063900001464FF07E55284604F016F9124904F0E4
:1063A00015F8214603F0B4FEA8420EDD0F4903F0B4
:1063B000AFFE02F063F90E4903F0AAFE0D4903F0A7
:1063C00033FE0146B0F5000F01DA304670BD2846B5
:1063D00003F09EFEBDE87040074904F0F5B80000E8
:1063E0000000C8C200F07F450050C34700401C4673
:1063F00000E076450FCF5B3B3393884348436421ED
:10640000B0FBF1F03230B0FBF1F080B27047000029
:106410002DE9FE4304466846FCF7C8FB0098A042FD
:1064200002D80020BDE8FE830198A04205D3BDF844
:106430000800BDE8FE4303F081BF0098001B03F095
:106440007DFF8146DDE90001401A03F077FF044635
:10645000BDF80800234E4FF07E55012806D821468E
:10646000484603F055FE2A46002137E0401E03F05F
:1064700065FFB046314603F0A9FF1B4F394603F0D4
:10648000D3FD06463946204603F0A0FF314603F00F
:106490003FFE07460146484603F064FF04D83946EC
:1064A000484603F035FE11E04146204603F08EFFDA
:1064B000314603F02DFE04463946484604F084F880
:1064C000214603F025FE294603F0AEFD0446BDF843
:1064D000080003F033FF02460021204600F006F8D2
:1064E000A0E700000000C84200007A4370B51446DF
:1064F0000D46064603F036FF01D2284670BD214600
:10650000304604F02FF801D2204670BD304670BDF1
:106510000148008D70470000343C002070B503F046
:1065200047F8084890F83240456A03F08BFC3CB1CC
:106530000549284603F04AFF03F0ACFE00B270BDE7
:10654000024870BD343C00200000204118FCFFFFD1
:106550000148408D70470000343C0020062801D3DC
:1065600000207047024901EB40008089704700001D
:10657000343C00200148C08D70470000343C0020AE
:106580000148808D70470000343C002010B50400A5
:106590000AD003F00DF8342204492046F9F794FF9D
:1065A000BDE8104003F04EBC10BD0000343C00209C
:1065B0000148006A70470000343C002070B502F0CA
:1065C000F7FF084890F83140056A03F03BFC3CB106
:1065D0000549284603F0FAFE03F05CFE00B270BDE8
:1065E000024870BD343C00200000204118FCFFFF31
:1065F0000148C06970470000343C00200EB5684671
:10660000FCF7D4FA07484FF07C51806903F00CFD89
:1066100003F05CFEBDF80810C0B2814200D2C8B2DF
:106620000EBD0000343C0020014880697047000026
:10663000343C002010B534210F48F9F7A1FF0E4873
:1066400034213430F9F79CFF0B480C4A00210262D8
:1066500042620B48C26081700261C170416081601A
:10666000017041700449342201F13400F9F72CFF24
:10667000BDE81040FFF70EBE003C00200000C8C27D
:10668000EC000020014890F831007047343C0020B5
:1066900000B58DB06846FFF779FF9DF8300030B146
:1066A0000698B0F17E5F02DB01200DB000BD002036
:1066B000FBE70000014890F830007047343C0020B0
:1066C0002DE9F041124AA0F50001124D124C914201
:1066D00015D2E178012679B121690F4603F074FFE4
:1066E000711F04F01CF8394603F09EFC20616862BB
:1066F00085F83260BDE8F0812061E670F7E70020A0
:10670000E07006492161696285F83200F2E7000015
:1067100000002A42003C0020EC0000200000C8C21B
:106720002DE9F041124AA0F50001124D124C9142A0
:1067300015D2A178012679B1E1680F4603F044FF34
:10674000711F03F0ECFF394603F06EFCE060286235
:1067500085F83160BDE8F081E060A670F7E70020C1
:10676000A0700649E160296285F83100F2E7000077
:1067700000002A42003C0020EC0000200000C8C2BB
:106780002DE9F05F2B4C06464FF001082078F0B160
:10679000A0684FF47A7A371A274D4FF000094FF46A
:1067A000FA6B574519D2FFF76FFD20B1FFF76CFD6B
:1067B000301A584509D984F80190C4F80490C5F8F6
:1067C0001C90C5F8189085F83090BDE8F09FFFF751
:1067D0009FFDA66084F80080F7E7FFF799FD4FF46E
:1067E0007A71484300EB5700B0FBF7F7A660FFF75C
:1067F0004BFD0028DFD0FFF747FD301A5845DAD8A7
:106800005745D8D349F640408742D4D8607860B124
:106810006068A0EBD00038446060C008E861FFF712
:10682000F7FDA86185F83080CFE7F800606084F854
:106830000180F2E7EC000020003C0020FFF7FDBCE7
:1068400070B5FFF773FD3348FFF712FD314C0020A0
:1068500040F2FF7240F6FF7334F8101040F2393501
:10686000694302EB8101B1FBF3F104EB4005401CED
:10687000C0B2A9810628EFD3FDF7C6FAFFF780FF63
:1068800040F24C45E0892946FFF7B8FD2085A089F4
:106890002946FFF7B3FD6085608A1E2200EB4001A8
:1068A000C1EBC0110F2000EBC101B1FBF2F13225A9
:1068B0001931B1FBF5F14FF480335A1E994200D3E0
:1068C0001146A185A18A01EB4106C6EBC11107263D
:1068D00006EBC101B1FBF0F01930B0FBF5F09842C6
:1068E00000D31046E085A088FFF744FDFFF718FFAE
:1068F0006089FFF73FFDFFF7E3FE02F059FE05490F
:10690000342201F13400F9F7DFFDBDE8704003F0F7
:1069100099BA0000003C002010B54FF0E02000695B
:1069200003F0A0F9012803D0BDE8104002F0CEBE6C
:1069300010BD30B593B028216846F9F721FE142127
:106940000AA8F9F71DFE002501200F951095119555
:10695000010412958DE8230004904FF4E010CDE976
:106960000810022407946846FDF7E2FC08B172B6ED
:10697000FEE70AA90F2081E831004FF48060CDE9DD
:106980000D0502210AA8FDF7D7FB08B172B6FEE794
:106990004FF4004011900F940FA8FDF757FB00280B
:1069A00001D072B6FEE713B030BD7047074810B58E
:1069B00000218170C17000F07FFAFFF731FAFFF714
:1069C00097FBBDE8104001F0C1BD0000140100209C
:1069D00001480079704700001401002002488078C7
:1069E00000F07F0070470000140100200248C078CA
:1069F00000F07F007047000014010020014800787B
:106A000070470000140100200148407870470000E2
:106A10001401002010B5094CE068002806D0FDF7ED
:106A2000F3F9E168081A002801DC002010BD4EF6D9
:106A30006021B0FBF1F0C0B210BD000014010020D5
:106A400010B5094CE068002806D0FDF7DDF9E168D3
:106A5000081A002801DC002010BD4FF47A7100F202
:106A6000E730B0FBF1F010BD140100200648002112
:106A7000A122017041708170C170027141718171F8
:106A80008160C160704700001401002010B5034C04
:106A90000120A071FDF7B8F9A06010BD140100201D
:106AA00070B50C4D062812D2DFE800F0110305077F
:106AB000090B094C06E0094C04E0094C02E0094CC2
:106AC00000E0094CFDF7A0F92044E86070BD00200B
:106AD000FBE7000014010020C0270900A0BB0D0047
:106AE000804F120060E3160040771B0001490871D7
:106AF0007047000014010020014A10705170704767
:106B00001401002010B5002000F0C0FA002000F0B1
:106B100079FAFFF721FA0020FFF724FBBDE81040C7
:106B200001F036BD70B53F4C0025A570E57000F052
:106B3000A1FA48B9FFF7E2FA012805D001F020FDDB
:106B400010B9FFF7C1F930B1FFF7A2FD18B9A0786D
:106B500040F00100A070FFF7ADFD18B9A07840F03B
:106B60002000A070FFF78EFD18B9A07840F010004B
:106B7000A070FFF71DFD2C49884203DBA07840F090
:106B80000400A07000F05EFA18B1E07840F0010057
:106B9000E070FFF7B9FA18B1E07840F00200E07059
:106BA000FFF76EF918B1E07840F00800E07001F0EE
:106BB000D3FC18B1E07840F01000E070FFF7A8FCBB
:106BC00068B1A0F1C8013D2909D3E178C82841F096
:106BD0002001E17003D205202070FFF793FFE068E9
:106BE00040B1FFF72DFF28B9E560FFF78BFF0320C9
:106BF00020706570A079002812D0FDF705F9A16812
:106C0000401AC8280CD9BFF34F8F08480168084ABA
:106C100001F4E06111430160BFF34F8F00BFFDE756
:106C200070BD00001401002000005C420CED00E08B
:106C30000400FA05FFF707BB0148FDF73BBF000062
:106C4000E40400200148FDF735BF000028020020C1
:106C5000F0B50268194B1A4C1A4D4FF08047984214
:106C600005D0B84203D0A04201D0A84203D122F0FF
:106C700070064A683243984205D0B84203D0A04219
:106C800001D0A84203D122F44074CA6822434C695F
:106C900022F08002224302608A68C2620A6882622D
:106CA000984201D109690163012141610169C90764
:106CB00003D0016921F001010161F0BD002C014008
:106CC000000400400008004010B501F01F0301213E
:106CD000046A99408C430462016A9A40114301623C
:106CE00010BD000030B5036A026A22F001020262A0
:106CF0004268846924F073050C682C4323F0020574
:106D00008B682B430A4DA8420BD123F00805CB68B2
:106D100022F440722B434D6923F0040315438A6922
:106D20002A434260846149684163036230BD0000C8
:106D3000002C014030B5026A036A23F0100303629D
:106D4000436884690D6824F4E64444EA05248D68A8
:106D500022F0200242EA05120B4DA8420ED1CD6866
:106D600022F0800242EA05124D6923F4406343EAAF
:106D700085038D6922F0400243EA85034360846104
:106D800049688163026230BD002C014030B5036A5E
:106D9000026A22F4807202624268C46923F40073BA
:106DA00024F073050C682C438D6843EA05230C4DD1
:106DB000A8420ED1CD6823F4006343EA05234D6950
:106DC00022F4405242EA05128D6923F4806342EABC
:106DD00005124260C4614968C163036230BD0000AE
:106DE000002C014030B5046A026A22F4805202622B
:106DF0004268C3690D6823F4E64343EA05238D68BE
:106E000024F4005444EA0534064DA84204D14D69E7
:106E100022F4804242EA85124260C36149680164FB
:106E2000046230BD002C014070B5056A046A24F08C
:106E30000104046284690F4EB04208D0B0F1804F63
:106E400005D00D4EB04202D00C4EB04203D124F01A
:106E50000304144301E044F001041A0724F0F00491
:106E600044EA126225F00A0301F00A011943826123
:106E7000016270BD002C0140000400400008004089
:106E800030B5046A056A25F010050562856925F4A8
:106E9000407545EA022222F470454FF6FF7202EA7D
:106EA000033224F0A0032A43A02404EA0111194369
:106EB0008261016230BD0000014900208870704786
:106EC00024010020FFF7C7B92DE9F047494C4FF0E6
:106ED00001074FF0000520786178084302D0FFF7E2
:106EE000D7FB98B3E07800287ED1FFF761FB80469E
:106EF000FCF78AFF0646207848B3FFF7C3FB38B398
:106F00003D49884536DAFFF7C3FB4FF07C51F8B1B5
:106F10008946A06803F058FB414603F023FB3DD8A7
:106F20006178207901432AD068B1002000F0C0F8D0
:106F30000120FFF717F9206941F28831301A8842A1
:106F400055D325712561607818B323E001E00EE088
:106F500010E0A7702570257125610020E56000F024
:106F6000A7F8FFF7CBF8012841D100200DE02571EB
:106F7000256135E0A77025702571E56030E0277147
:106F80000020266100F094F80120BDE8F047FFF7EB
:106F9000E9B8E660012000F08BF80DE01749A06821
:106FA00003F042F8414603F0DDF905D825710020D1
:106FB000256100F07DF8E5606078002817D0E06872
:106FC000002814D00E49301A884210D94946A068CA
:106FD00003F0FAFA414603F0C5FA08D2A77025700B
:106FE000BDE8F047002000E001E000F061B8BDE836
:106FF000F08700002401002000005C429A99993E2D
:10700000A0BB0D0070B50E4C002528B1A07868B962
:10701000FFF73EFB50B101202070E178084304D116
:107020002571256100F044F8E56070BD257025717B
:107030002561E560BDE87040002000F039B800002F
:1070400024010020014880787047000024010020BE
:107050000748064981600021017041708170C1704C
:107060000171C1600161084600F022B800002042B1
:10707000240100200148007870470000240100200E
:1070800001484078704700002401002070B500B12D
:107090000120064C0028E07006D100252571284605
:1070A000256100F005F8E56070BD000024010020B6
:1070B00070B50B4D040007D0FFF7EAFA08B10122C2
:1070C00003E000242C702C71002202210548FCF7FB
:1070D00095FE0CB1012000E00020687070BD00003A
:1070E00024010020000801400449884202DB0449D1
:1070F000884200DD084603498860704700000C4262
:10710000000040422401002070B5040027D01E2159
:10711000F9F714FA55202070AA206070264800253F
:107120000078A070E57000F015FA06462071FFF7B0
:1071300065FA607100F0E0F8A071FEF79BFEE07167
:1071400001F01EFA2072FFF765FC6072FFF7E0F9AC
:10715000A572B92816D9FA2803D3FF2512E000201A
:1071600070BD6422B938504341212030B0FBF1F0AA
:107170000A21B0FBF1F201FB1202B0FBF1F042EA8E
:107180000010C5B2E572FFF739FC2073FFF73CFC35
:107190006073FFF723FCA073FFF728FCE0732EB1A8
:1071A0000D22064904F11000F9F749F9204600F0D4
:1071B00007F860771E2070BD38010020AC40002029
:1071C0000022002808D00221435C491C1A44C9B29D
:1071D00092B21C29F8D9D0B27047000070B50546AC
:1071E00018480024854208D100F032FE1648174A9C
:1071F00000F17C01847713480CE0154885420BD1DF
:1072000000F026FE1048114A1F3000F1DD0184779E
:10721000921C0F4800F0D0FD284600F07FF80028AF
:107220000ED095F8411020290AD1EFF3108172B6E3
:1072300080F8404001B962B6BDE8704000F0F6BE8B
:1072400070BD0000B8020020A83E002048010020C8
:107250000003002070B50B4605000ED06BB1EFF3B4
:10726000108472B6AE7F36B101461E221846F9F779
:10727000E6F80020A87714B102E0002070BD62B6E5
:10728000304670BD10B500F0AFFDFFF7C3FB0446FC
:10729000FFF7F0FE30B901F073F918B9FEF7EAFD17
:1072A00000B90CB1042000E003202146BDE81040E5
:1072B000FFF722BC00B589B0002805D0C17829B1FC
:1072C00001460C4800F042FD09B000BD01461E22F7
:1072D0006846F9F7B4F8FFF791F98DF8050000F06A
:1072E0000BF88DF806006846FFF76AFF8DF81D0061
:1072F0006946E6E70003002010B5FFF759F9044698
:10730000FFF7C0F9002807D04FF07C51204602F06B
:107310008BFE02F0DBFFC0B210BD000006498842C0
:1073200001D1064870470649884202D103484430DB
:107330007047002070470000B80200202440002061
:10734000000300202DE9F041074600F003F91E4C30
:1073500005004FF0010601D0A6711CE00020FEF7E9
:10736000E9FEA079B8B10025A571E67100F0C0FC76
:1073700000F03AFDFFF7C6FBFEF731FE0020FFF7F5
:107380008FFBA572A720FFF7B1FBBDE8F0410021FC
:107390000320FFF7B1BBE07A002812D000F094FE82
:1073A0000A48007838B9207B28B1002D09D1BDE802
:1073B000F041FFF767BF206B40F6B831381A8842BA
:1073C000F5D2BDE8F081000038010020B94000206E
:1073D00070B5174C617A41B10020FEF7ABFEFFF7A4
:1073E00091FBBDE87040FEF7FABD616A401A41F2B8
:1073F000883188421AD300F0F7FC0025A5710126D8
:10740000E67100F075FC0020FEF794FEFFF77AFBB2
:10741000FEF7E5FD0020FFF743FBA572A720FFF76D
:1074200065FB00210320FFF767FB667270BD00005B
:10743000380100202DE9F0411F213A48F9F7A0F862
:1074400038481F211F30F9F779F836481F213E30A0
:10745000F9F774F833481F215D30F9F76FF84421CC
:107460003148F9F78DF8304844214430F9F788F86D
:107470002D480D218830F9F783F82B482B4E00F169
:1074800044012C4CDFF8A88006600025C1F800807C
:107490006561A561E5616570A570E570257165712F
:1074A000A5710127E7712562FCF7AEFC60622572C9
:1074B000A56227706572A572E562E5722573657332
:1074C0001948A573242195302563F9F737F8002072
:1074D000FEF730FE4FF4E13070604FF41651304645
:1074E000C8F80410FDF762FE4046FDF75FFE0D4848
:1074F00080217C30F9F744F80B4880218038F9F777
:107500003FF8084904F110027C31304600F054FC89
:1075100004F112024046BDE8F0410349803900F011
:107520004BBC0000A83E002024400020B8020020F0
:10753000000300203801002010B5FFF7BBF830B180
:10754000FFF772F8B0F17E5F01DB012010BD002073
:1075500010BD000010B50B4CE07980B9FEF7F8FFC4
:1075600082280CD96069002808D0FCF74DFC6169BD
:10757000401A40F6B831884201D2607910BD00202F
:1075800010BD000038010020EFF3108172B60748EB
:1075900090F8402012B990F8410020B10020002955
:1075A00000D162B670470120F9E700006840002072
:1075B00010B504000DD0207855280AD16078AA288B
:1075C00007D12046FFF7FCFD617F884201D10120F1
:1075D00010BD002010BD000010B5084C207A58B135
:1075E000607A48B9FCF710FC616A401A41F28831B0
:1075F000884201D2012010BD002010BD38010020BA
:1076000010B5FFF737FD18B900F0BAFF002800D019
:10761000012010BD2DE9F04F8DB001F0C9FFFCF73E
:10762000F3FB274C4FF0FF36A76917B1E169411A08
:1076300000E031468A46616909B1411A00E03146ED
:107640008846217A09B1616A461AFEF781FF05462C
:10765000FFF780FF0C90FFF7BFFF0290E0790190E9
:107660006179009194F801C0CDF80CC094F802B093
:1076700094F80390247902F0E5FB0A21B5FBF1F0C0
:10768000B5FBF1F2CDE90A9401FB1053DDE90001ED
:10769000DDF80CC0CDE908CBCDE90601CDE904A8A1
:1076A0000299822D01D9012000E000208DE8C3005D
:1076B00004480C99FDF7ACFF0DB0BDE8F08F000059
:1076C00038010020BCAC000870B50D46040018D08D
:1076D000002D16D0A07F0126A0B1012817D0411C93
:1076E000A1772254A07F1E280BD32046FFF760FF0E
:1076F00028B121461E222846F8F7A1FEAE770020C9
:10770000A07770BD552AFCD1A677227070BDAA2A39
:1077100008D0552A04D00020A0775520207070BDD5
:107720000120F9E70220A077627070BD70B50546B0
:107730008078022814D000240020FFF763FCB220D8
:10774000FFF7D4F900210420FFF7D6F91048C07ADA
:1077500040B1002C1AD02846BDE8704000F004BAB1
:107760000124E9E700F040FBFEF7C8FC022803D043
:10777000FEF7C4FC012802D10020FEF7F3FC002C28
:1077800004D0FCF741FB00F00BFBE4E770BD000008
:10779000380100202DE9F047040010D0424DA869BF
:1077A000401CA861FCF730FBE861A0786870E178C4
:1077B000A9702179E970E17D2971022802D00020A9
:1077C000BDE8F087FCF720FB0646207900B10120D8
:1077D000687110B90020FEF7ADFC0D2204F1100114
:1077E00032486E61F8F72BFEE8794FF0000870B16F
:1077F0000020FEF79FFCE078B12802D1E07D03284D
:1078000002D000F075FA49E085F8078046E0274F7E
:107810004FF001090D373878A0B160793979884285
:1078200010D1A079797988420CD1E079BA783946BB
:10783000904207D181F80080B91D1D482E6300F0E9
:1078400085FA2BE0E07D042814D1E87AA0B9002065
:10785000FFF7D8FBFEF752FC022803D0FEF74EFCE0
:10786000012802D10020FEF77DFC304600F098FA96
:1078700085F80C90E87A68B1287B58B9E078B2288E
:107880000CD1E079F978884208D1E07D042807D04E
:10789000FFF7F8FC217FE07D00F006FB01208FE779
:1078A00085F80C90F6E7000038010020AC4000207D
:1078B0000003002070B54D4D0446C078A97A09B187
:1078C000A8286ED1A4284DD01BDCA12821D00DDC26
:1078D00000287FD0A0287DD100F086FAFFF712F9AA
:1078E0000020FFF7DDF8002102207AE0A2281AD05C
:1078F000A3286FD10020FFF785FB00F041FE58B3AD
:1079000027E0A538052865D2DFE800F0344E03559E
:10791000650000F069FAFFF7F5F80020FFF7C0F8FE
:10792000002103205DE0E87A30B10020FFF76AFB18
:10793000B220FFF7DBF80CE0A07902F0FFFCFFF7C4
:10794000D3FB0120FFF75EFBFFF794FB08B101209A
:1079500005E0617A042044E0E87A0028F9D1FEF7D6
:1079600001FCF6E7E079FEF7B5FAFEF783FA15E0D9
:10797000617A36E0207A00F02FFEE87A10B100F04C
:10798000A3FB09E000F0FCFD08B1012002E0FFF7D5
:1079900071FB08B9FEF7E6FB00F0F2FD10B1042020
:1079A000E6E717E00320E3E7607AFFF779F8FFF7EF
:1079B00031F80146CEE700F017FAFFF7A3F8FEF71B
:1079C000F5FF00210120FFF797F8FCF71DFAE862A8
:1079D0000120A87270BD00F007FAFFF793F80021AC
:1079E0000520BDE87040FFF787B80000380100208F
:1079F0002DE9F8431D46089C16460F465FEA00082D
:107A00001BD0002F19D0002E17D0002D15D0802CA0
:107A100013D82B88A34210D001D200940AE04FF073
:107A200080000090404600F08BF800233246394633
:107A30004046009400F084F82C80BDE8F8830000F4
:107A40002DE9F04105001DD0A8780024012803D0BD
:107A5000022801D0032815D1384E01273070FCF7D9
:107A6000D3F9706237727472FFF774FDFEF762FB30
:107A7000A878EC78022808D00027B07A38B1A82C72
:107A80000ED008E00020BDE8F0810127F5E754B1F1
:107A90002046FFF72BF8B42C1CD0B22C31D002E0DA
:107AA0002046FFF723F867B1A4F1B0060F2E03D8E4
:107AB000B22C2AD000F098F92846FFF7FBFB0F2ED6
:107AC00039D91CB1A4F1A0000F2822D82846FFF70D
:107AD000F1FE30E017B12846FFF7ECFB00F084F927
:107AE0000220FEF73FFBB420FFF700F8FEF706FB8D
:107AF000022804D003200021FEF7FEFF1BE0042033
:107B0000F9E72846FFF712FE15E02846FFF7D2FBFB
:107B100011E0002FB6D1C02CB4D3CF2CB2D8E87866
:107B2000FEF7E4FFE878C02805D100F05DF9FEF724
:107B3000E9FFFEF7ABFF0120A5E7000038010020B8
:107B40002DE9F04115460F4680461C46069E06E08C
:107B50002A5D39464046FFF7B7FD641CA4B2B44223
:107B6000F6D3BDE8F081000030B5214C054689B060
:107B70006078401C10F07F0000D101206070A07080
:107B800040F08000E070FEF739FD2071FFF7B4FB94
:107B900060711E222946A01DF8F751FCE078607341
:107BA000A01DFFF70DFB84F823001E22294668461E
:107BB000F8F745FC00208DF8030020798DF80500CA
:107BC00060798DF80600A0788DF807006846FFF709
:107BD000F7FA8DF81D0001202070FCF715F9054912
:107BE00008636946044800F0B1F809B030BD0000F0
:107BF000B940002038010020000300200D4A08B5DC
:107C0000904207D10D4A0091A2F13E010A4BA1F129
:107C10003E000BE00A4A90420AD1084A064B8032E5
:107C20000091A2F19F019B1CA1F13E00FFF7E0FE35
:107C300008BD0000B802002048010020243F0020B9
:107C40000003002010B588B00446FFF7C5FC0028EB
:107C500012D0FEF77DFC82280ED922494FF47A70AB
:107C6000CA795AB1096A611A814205D3FFF78CFCBF
:107C7000002801D000F03CF808B010BD1A4A127874
:107C8000002AF9D1CA7A12B10A7B002AF4D0096A13
:107C9000611A8142F0D3FFF777FC0028ECD0202155
:107CA0006846F8F76DFC55208DF80000AA208DF885
:107CB000010002208DF8020000208DF80300FEF77D
:107CC0009DFC8DF80500FFF717FB8DF80600684650
:107CD000FFF776FA8DF81D006946044800F036F883
:107CE000CAE7000038010020B9400020000300204E
:107CF00000B589B0FEF72CFC822823D920216846E4
:107D0000F8F73EFC55208DF80000AA208DF8010000
:107D100002208DF80200B1208DF80300FEF76EFC02
:107D20008DF80500FFF7E8FA8DF80600A5208DF81C
:107D30001C006846FFF744FA8DF81D0069460248AA
:107D400000F004F809B000BD0003002070B50E4635
:107D500004001FD0002E1DD0FFF7E0FA050019D057
:107D60000D48844203D1FCF74FF80C490862EFF349
:107D7000108472B61E22314605F12200F8F75FFB2F
:107D8000012085F8410004B962B62846BDE870407C
:107D900000F04CB970BD0000000300203801002045
:107DA00004490122CA7200220A734A738A73086363
:107DB000704700003801002010B5040012D089B1CE
:107DC00082B10020108080222046FDF755F800285F
:107DD00007D1E16B002904D009680A6822F0040287
:107DE0000A6010BD012010BD2DE9F041164D0024A0
:107DF0001648EF7AAE7BEC722C736C732C6300F830
:107E0000024B1E2100F8014B00F8034B00F8024C16
:107E100000F8014CF8F792FB5FB1FFF7F1FB40B1BE
:107E2000FFF78AFB30B1FEF769F9012809D001207C
:107E300005E036B1FEF762F9012802D10020FEF715
:107E400091F9AC73BDE8F08138010020B940002001
:107E500010B5040026D02068143050E8001F21F02F
:107E6000400140E80012002AF5D1E06B08B1FBF7B1
:107E7000A3FC20680C3050E8001F21F4887140E812
:107E80000012002AF5D12068143050E8001F21F0BC
:107E9000010140E80012002AF5D1202084F84200B8
:107EA0000020206310BD000070B50D460446FFF7AA
:107EB00093FBC0B1FFF74EFBA8B10120FEF73AF9E2
:107EC0002248C17A31B1042C12D0007B00283CD06A
:107ED000FFF7D8F9082C1BD020460A2C18D00C2C00
:107EE00016D085BB16E0BDE870400020FEF722B931
:107EF00017490978002928D1017B002925D00DB127
:107F0000012100E000214173BDE8704000F0DCB8C1
:107F1000022014E0072C16D0092814D0FEF7EEF842
:107F200002280BD0FEF7EAF801280ED1FFF7A2F8DD
:107F300000280AD100F024FB002806D10020BDE86B
:107F40007040FEF70FB90120F9E770BD380100203D
:107F5000B940002030B589B069463148FFF77AF959
:107F600010B16846FFF716FC2D4869461F38FFF729
:107F700071F92C4CC8B16846FFF762FDA8B19DF8B5
:107F80000300A82811D1FBF73FFFA0626846FFF766
:107F9000BBF8A8208DF803006846FFF711F98DF8AB
:107FA0001D0069462048FFF7D1FEFBF72DFF05466F
:107FB000FFF70EFA2846FFF7C5F9FFF70DFB20B1D2
:107FC000FFF7C8FA08B1012000E00020FEF7B2F880
:107FD0002846FFF737FEA17A002091B1E26AA91A7C
:107FE00041F2883291420CD3A07200210846FEF77C
:107FF00083FD6846A562FFF787F869460A48FFF7E0
:10800000A5FEA06A281AB0F57A7F07D36846A56254
:10801000FFF77AF869460448FFF798FE09B030BDCB
:10802000053F002038010020B80200202DE9F04172
:10803000040034D02068002831D00020EFF31085F0
:1080400072B694F84020064604F12208012762B96E
:1080500094F8411049B11E224146201DF8F7EFF96E
:1080600084F8416084F84070012005B962B60028A8
:1080700015D01E22211D2068FDF7FEF900280ED024
:10808000EFF3108572B61E22211D4046F8F7D7F98E
:1080900084F8417084F84060002D00D162B6BDE8DC
:1080A000F08110B5FFF73AF900280BD0EFF31081FB
:1080B00072B6002280F8402001B962B6BDE81040D7
:1080C000FFF7B4BF10BD000070B5184CE07A00286F
:1080D0002BD0FFF731FA0546207B38B135B1607BF4
:1080E00010B9FFF78DFA08B1012600E00026FEF76F
:1080F00005F8022802D10020FEF734F82EB1FDF772
:10810000FDFF012808D0012004E0FDF7F7FF01285A
:1081100002D10020FEF726F8207B20B11DB1607B44
:1081200008B1012000E00020A07370BD38010020DC
:1081300010B5406A0021C185C184FCF7F4FE10BD72
:1081400070B5446A2068406994F84110C0F3C010CB
:108150000025212904D118B1E584204600F0B4F8A7
:108160002068406994F84210C0F38010222904D19D
:1081700018B1E585204600F080F8606C40F01000F2
:1081800060642046FCF7CFFE70BD10B50146406A22
:10819000096809684FF0000289062ED4C28501687B
:1081A0000C3151E8003F23F4807341E80034002C87
:1081B000F5D10168143151E8003F23F0010341E893
:1081C0000034002CF5D10168143151E8003F23F050
:1081D000400341E80034002CF5D1202180F8421002
:1081E000016B012909D101680C3151E8003F23F0EE
:1081F000100341E80034002CF5D14263016B0129E2
:1082000002D0FDF737F910BD818DFCF781FE10BD5E
:1082100010B5406A01214163016B012902D0FDF7CD
:108220002AF910BD818D4908FCF772FE10BD10B50A
:108230000146406A09680968890616D40021C1848C
:108240000168143151E8002F22F0800241E8002338
:10825000002BF5D101680C3151E8002F42F04002AB
:1082600041E80023002BF5D110BDFDF741F910BD09
:1082700010B5406AFDF745F910BD01680C3151E8B1
:10828000002F22F4907241E80023002BF5D1016801
:10829000143151E8002F22F0010241E80023002BA5
:1082A000F5D1016B012909D101680C3151E8002F8A
:1082B00022F0100241E80023002BF5D1202180F8A4
:1082C000421000210163704701680C3151E8002F12
:1082D00022F0C00241E80023002BF5D1202180F8D4
:1082E0004110704708B590F84210222901D00220B1
:1082F00008BD82684FF480539A4201D1016921B1CF
:10830000816A9A421BD04AB10AE00268816A5268C7
:10831000C2F308020A80816A891C08E0026972B10E
:108320000268526802F07F020A70816A491C816209
:10833000C18D491E0904090CC18503D01BE00268E8
:108340005268F1E70168CA6822F02002CA60016839
:10835000CA6822F48072CA6001684A6922F0010288
:108360004A61202180F8421000214163026B012AFA
:1083700003D0FDF77FF8002008BD016301680C31D0
:1083800051E8002F22F0100241E80023002BF5D124
:1083900001680A68D20602D50A6849680091818D91
:1083A000FCF7B6FDE7E7000070B504460068016918
:1083B000E26821F44051114301612169A06808433A
:1083C000616908432168CA6841F20C639A43024319
:1083D000CA6020684169A26921F44071114341617A
:1083E0001E492068884202D1FBF76CFF01E0FBF7D1
:1083F00059FF00EBC00101EB0012606864218000AE
:10840000B2FBF0F3B3FBF1F36FF018067343B2FB6A
:10841000F0F5B2FBF0F605EB8305322303EB05150F
:10842000B5FBF1F5B6FBF1F605F0F00505EB061529
:10843000B2FBF0F6B2FBF0F0B0FBF1F06FF0180217
:10844000504306EB800003EB0010B0FBF1F0216815
:1084500000F00F002844886070BD00000038014023
:1084600038B581620446828500201346606422226A
:1084700084F84220E56B1B4AAA62E56B1A4AEA625D
:10848000E56B1A4A2A63E26B50630A462168E06B87
:10849000091DFBF7D9FA206801684068009020693F
:1084A00048B120680C3050E8001F41F4807140E86A
:1084B0000012002AF5D12068143050E8001F41F066
:1084C000010140E80012002AF5D12068143050E87C
:1084D000001F41F0400140E80012002AF5D10020C1
:1084E00038BD00008B81000811820008418100081E
:1084F00081628285C28500214164222180F8421078
:10850000016921B10168CA6842F48072CA600168D9
:108510004A6942F001024A610068C16841F02001E5
:10852000C1600020704700000148FCF709BD000051
:10853000B80200200148FCF703BD00000003002042
:108540000148FCF7FDBC0000480300200149002061
:1085500048707047D4000020014840787047000000
:10856000D4000020044800210A46017041702021F7
:108570000248FBF743BC0000D4000020000C01407F
:108580000148007870470000D4000020FDF769BE64
:10859000034900200246087020210248FBF72EBC48
:1085A000D4000020000C014010B5094C607858B987
:1085B000FEF76EF840B1012020700246BDE8104081
:1085C00020210448FBF71ABCBDE81040FFF7E0BFCC
:1085D000D4000020000C014008B1FFF7E5BFFFF711
:1085E000D7BF000010B5074C2078002809D0FEF74F
:1085F0004FF8002805D101206070BDE81040FFF75A
:10860000C7BF10BDD4000020FEE7490050EAC120DA
:1086100018BF04204A0D18BF40F0010040F2FF725D
:10862000B2EB515F08BF40F00200012808BF0520EF
:1086300070470907090E002804DB00F1E02080F8EC
:108640000014704700F00F0000F1E02080F8141DC6
:10865000704700214FF07E5001F05ABD012102F019
:108660005EB80021084601F053BD30380A2801D217
:108670000120704700207047704700002DE9F0414D
:108680000026A0F50001B1F1FE4F7DD200F50022D9
:108690006FF07E0101EBE251C2F3025477184FF004
:1086A0007E52A0EBC15602EB045557EA040047D0B6
:1086B0002946304601F0B8FC80462946304601F094
:1086C00083FF414601F024FD0546014601F07EFE90
:1086D0008046454901F07AFE444901F0A5FC064672
:1086E0004146284601F072FE314601F06FFE064613
:1086F000384601F00BFE07463D4901F067FE3D4953
:10870000794451F8241001F08FFC314601F08CFCC3
:1087100006460121284602F002F8314601F084FCA9
:1087200005463846344901F051FE3449794451F840
:10873000241001F079FC2946BDE8F04101F074BC39
:108740004FF07E51304601F03FFF05462C4901F0C5
:108750003DFE2C4901F068FC294601F037FE2A490C
:1087600001F062FC294601F031FE6FF0824101F018
:108770005BFC04462946084601F028FE214601F02C
:1087800025FE0146284600E003E0BDE8F04101F087
:108790004BBC4FF07F42B2EB400F03D2BDE8F0413B
:1087A000FFF75CBFB0F1FF4F08BFBDE8F081B0F14B
:1087B000004F06D90120F7F754FFBDE8F041FFF75D
:1087C00050BF30F0004105D06FF01606172101F0C0
:1087D000A6FF5BE70220F7F744FFFFF73AFF80F0C0
:1087E0000040BDE8F081000066F1CC3EAAAA2A3F15
:1087F000F4FD0538142200000070313FC82100004C
:1088000021ED423E0A1180BEC1ABAA3EFBF70AFB36
:108810001048416821F0E06141F000714160FEF7CD
:1088200088F8FDF74FF9FDF7BFF8FDF761F8FDF7A0
:108830007BFAFDF797FAFDF7B1FAFDF7EFF9FDF7CF
:1088400023FAFDF793F900F015F8FDF7EBF800F0C7
:1088500023F8FEE70000014010B5EFF3058111B1E8
:108860006FF0050403E0002408B100F0F5FD204698
:1088700010BD0000EFF3058010B16FF005007047E8
:108880000448016811B14FF0FF30704701210160C9
:10889000002070478000002010B5EFF3058010B174
:1088A0006FF0050010BD08480168012902D04FF0A3
:1088B000FF3010BD054A002182F8141D022101601D
:1088C00000F032FE002010BD800000200BE000E030
:1088D0002DE9FF414FEA01034FF00005EFF3058159
:1088E000039549BB40B38027182100244AB316687A
:1088F00006B1344696691EB13146761E382E02D234
:108900001679F60703D0002004B0BDE8F08156695F
:1089100006B1B708D2F808C0BCF1000F0DD0D56879
:108920005C2D18D312693AB136B18DE806103A467B
:10893000214601F06CF903900DE0D6685EB912692A
:108940004AB903AACDE90012BAB2214601F032F9C0
:10895000012800D003950398D6E700002DE9F041E7
:10896000134C0F460546E6682068001D00F040FCE9
:10897000681C07D137B12168BDE8F0410D48091DD9
:1089800000F086BC20683544B5424560216805D2B8
:10899000A06BBDE8F041091D00F062BC606B091DD1
:1089A00000F05EFCA06A854200D2A562BDE8F081BD
:1089B00030000020400A00202DE9F041054600F07B
:1089C00073FC2D4CA068401CA06020682B4F10B198
:1089D000606930B32BE02560A068012827D100260C
:1089E00006EB860007EB800000F02CFC761C382E8E
:1089F000F6D3234800F026FC2148143000F022FC76
:108A00001F48283000F01EFC1D483C3000F01AFCC6
:108A10001B48503000F016FC194860631430A06306
:108A200005E02068E96AC06A884200D82560606A6B
:108A3000401C60626864E86A2169884200D920614C
:108A400000EB800007EB8000291D00F021FC00F006
:108A50004BFC606900280CD02068E96AC06A884233
:108A600007D208494FF080500860BFF34F8FBFF323
:108A70006F8FBDE8F08100003000002090050020DD
:108A8000F009002004ED00E038B500F00DFC104CBA
:108A90002068C8B90F4800F0D5FB0E48143000F02C
:108AA000D1FB0C48E060143020610A4B0020F03B01
:108AB000009003F1500210210A2000F01DFE2060FA
:108AC00010B105A100F092FCBDE8384000F00CBCEC
:108AD0006C000020440B0020546D72510000000017
:108AE00030B4026C0B46002A0BD0C1681144C1603F
:108AF0008468A14201D30168C16030BC1846F7F711
:108B00009EBC30BC70472DE9F041856B174604468A
:108B10000026026C82B1C7B1E068F7F790FCE1680B
:108B2000206C091AE1602268914202D2A168081AF9
:108B3000E060022F16D017E02068A8B9A06801F005
:108B400009F906460020A0600EE06068F7F777FCA0
:108B5000216C606808446060A168884204D3206882
:108B6000606001E005B16D1E6D1CA5633046BDE877
:108B7000F08110B5044690F8590058B101280CD086
:108B800002280FD0502080F31188BFF34F8FBFF31E
:108B90006F8FFEE7206B00F0BBFB2046BDE8104066
:108BA00000F0B6BB10BD000010484FF42051420742
:108BB00006D0C01D0D4920F00700411AC1F5205113
:108BC0000B4A00230144C2E900030839183A21F096
:108BD000070111604B600B600B1AC0E90013936032
:108BE0004FF0004053605061704700002412002095
:108BF0009C000020144E154CA6F29C474FF0805864
:108C0000DFF84C9012E000BF00F04EFBF068C56842
:108C1000281D00F0EDFAA068401EA0606068401EAC
:108C2000606000F061FB2846FFF7A3FF6068002842
:108C3000EAD138680128F9D9C9F80080BFF34F8F0D
:108C4000BFF36F8FF2E700002C0A002030000020F5
:108C500004ED00E070B51D46049C51B1C4F800203D
:108C6000C4E90F010121204600F07AFD84F84C5040
:108C700070BD2460F4E700002DE9F05F8846DDE96F
:108C80000B941546834691009A460A9EA522206BB6
:108C9000F7F74CFC6FF00301206B01EB85010844F2
:108CA00020F00707780707D0502080F31188BFF322
:108CB0004F8FBFF36F8FFEE70025B8F1000F0FD085
:108CC0005FF00000221818F8001082F8341018F82D
:108CD000001011B1401C1028F4D384F8435001E077
:108CE00084F83450382E00D33726E662C4E9136581
:108CF000201D00F0B2FA04F1180000F0AEFA246171
:108D0000C6F138006462A061656584F85850524627
:108D10005946384600F05AFA2060B9F1000F01D0E8
:108D2000C9F80040BDE8F09F30B5114900E0114698
:108D30000A688242FBD34B685C18844203D14068C6
:108D400018444860084643681C18944209D1084CEE
:108D5000183C2468A24209D052681A4442600A684A
:108D600012680260814200D0086030BD0460F9E7FB
:108D70009C00002070B5002441600B4D00619142C1
:108D800006D8D11A8269914206D2011D286907E0EE
:108D90009A4203D2994201D3012403E0011DE868FD
:108DA00000F05EFA204670BD6C00002010B504464D
:108DB00000F07AFAA06B28B15FF0000400F094FA9A
:108DC000204610BD0124F9E730B589B03C4D6EE076
:108DD0000498002806DADDE90601059A9047049810
:108DE000002864DB069C606910B1201D00F000FAC9
:108DF00003A800F0D7F8024604980A2857D2DFE803
:108E000000F00505052D334A05052D3394F828009B
:108E100040F0010084F828000599A069059B0144F1
:108E20002046FFF7A7FF68B3216A2046884794F8D9
:108E3000280040073BD5002000900598A169002339
:108E400042181946204601F08FF8D8B9502080F317
:108E50001188BFF34F8FBFF36F8FFEE714F8280F11
:108E600020F00100207022E094F8280040F001007A
:108E700084F828000598A06128B18118134620467F
:108E8000FFF778FF13E0502080F31188BFF34F8F76
:108E9000BFF36F8FFEE794F82800810703D42046C4
:108EA00000F036FA03E020F0010084F828000022E8
:108EB00004A9286800F0A8FD002889D109B030BDB8
:108EC0006C0000202DE9FC410F46054600F070FBC8
:108ED00001A800F067F80446019818B100F0B2FF4D
:108EE000BDE8FC81254EAFB130690068D0B30027E2
:108EF000291B3A46306800F08DFA00F0A3FF0028E5
:108F0000EED11F494FF080500860BFF34F8FBFF381
:108F10006F8FE5E7A542EBD800F094FFF068274695
:108F2000C068C468201D00F063F994F82800410768
:108F300019D5A0692B4641193A462046FFF71AFF7A
:108F4000A8B100200346014600902A46204601F0C1
:108F50000BF860B9502080F31188BFF34F8FBFF337
:108F60006F8FFEE707E020F0010084F82800216AF7
:108F700020468847B4E70127BAE700006C000020CC
:108F800004ED00E00648416B096829B1416BC968EE
:108F9000C9684968816270474FF0FF31FAE7000005
:108FA0003000002070B5054600F06AFE064E04460B
:108FB000B068844203D200F009F8012000E00020EC
:108FC00028602046B46070BD6C000020F8B5194DD3
:108FD00020E0C068C4680668201D00F009F9216A15
:108FE0002046884794F82800400713D5A0693044EC
:108FF000B04206D924616060211DE86800F030F9B4
:1090000008E000200346014600903246204600F06A
:10901000ABFF38B1E86801680029DAD12969C5E9F0
:109020000310F8BD502080F31188BFF34F8FBFF3BA
:109030006F8FFEE76C00002008484068401C4FF02E
:10904000500080F3118804D0BFF34F8FBFF36F8FB0
:10905000FEE7BFF34F8FBFF36F8FFEE7A400002042
:10906000074CE068016841B1C0680021D0F80000F9
:10907000FFF728FFFFF7A8FEF3E701210020F7E73D
:109080006C0000202DE9F041044600F00DF994F940
:10909000455004F1240609E0606A48B1304600F00A
:1090A00099FE08B100F006FA6D1E6DB2002DF3DCDA
:1090B0004FF0FF3684F8456000F016F900F0F4F840
:1090C00094F9445004F1100709E0206948B138468A
:1090D00000F080FE08B100F0EDF96D1E6DB2002DBC
:1090E000F3DC84F84460BDE8F04100F0FDB8000016
:1090F0002DE9F0410546002700F05AFA324E30685B
:1091000008B9FFF751FD706905424ED1C5B3083566
:1091100068070ED005F00700C0F108000544680795
:1091200007D0502080F31188BFF34F8FBFF36F8FAC
:10913000FEE72DB37068854237D8234818300146C2
:109140000C6801E020460C466168A94202D2216801
:109150000029F7D131688C4227D007682168016067
:1091600060680837411B10290FD96019420708D0E1
:10917000502080F31188BFF34F8FBFF36F8FFEE74E
:1091800013E041606560FFF7CFFD61687068401AC9
:109190007060B268904200D2B060706901430020F4
:1091A000C4E90001F068401CF06000F04BFE780755
:1091B00007D0502080F31188BFF34F8FBFF36F8F1C
:1091C000FEE73846BDE8F0818400002010B5031F9B
:1091D0004FF080741C601B1F21F001011960191FE2
:1091E000024B0B60143940380A6010BD39900008FA
:1091F000D0E9013201699A60D0E901235A604A68D6
:10920000824201D182684A60002202610868401EE1
:109210000860086870470000034B036003F15C00BE
:1092200008608020106070476C0B0020044B0360C6
:1092300003F15C0008604FF480701060704700001C
:10924000C80D002000F108014FF0FF32C0E9011203
:10925000C160016100210160704700210161704718
:1092600030B50B685A1C02D000F1080202E0026916
:1092700004E02246546825689D42FAD953684B6041
:1092800099608A60516008610168491C016030BDC5
:1092900042684A6093688B60936859609160086186
:1092A0000168491C01607047502080F31188BFF3AA
:1092B0004F8FBFF36F8F0A494868401C48600128F0
:1092C0000CD10848006810F0FF0F07D0502080F341
:1092D0001188BFF34F8FBFF36F8FFEE77047000019
:1092E000A400002004ED00E00849486828B1401EB1
:1092F000486001D180F311887047502080F31188B5
:10930000BFF34F8FBFF36F8FFEE70000A400002074
:1093100070B500282AD0164DA0F10804606869696C
:10932000084207D1502080F31188BFF34F8FBFF35D
:109330006F8FFEE722683AB1502080F31188BFF3A7
:109340004F8FBFF36F8FFEE78843606000F030F906
:1093500060686968084468602046FFF7E5FC286992
:10936000401C2861BDE8704000F06CBD70BD00007D
:10937000840000204FF0E020002101618161054957
:109380004FF47A720968B1FBF2F1491E416107217D
:10939000016170472C00002010B5F6F7B3FF1149AA
:1093A00010280ED300F1E02090F8F0030A789042E4
:1093B00007D2502080F31188BFF34F8FBFF36F8F18
:1093C000FEE709480068896800F4E060884207D930
:1093D000502080F31188BFF34F8FBFF36F8FFEE7EC
:1093E00010BD0000A40000200CED00E010B5084BFB
:1093F000002200BF53F832401CB1521C082AF9D396
:1094000010BD43F8321003EBC201486010BD0000EC
:109410005005002070B515460E460446FFF744FF80
:1094200094F944100020491C01D184F8440094F9B7
:109430004510491C01D184F84500FFF755FFA06B8A
:1094400028B92A46314604F1240000F051F820469C
:10945000BDE87040FFF716BE10B5020014D00F48EB
:10946000006B38B1502080F31188BFF34F8FBFF3EA
:109470006F8FFEE700F09CF800211046FFF76EFAB0
:1094800000F0E0FC002807D105494FF0805008604B
:10949000BFF34F8FBFF36F8F10BD0000300000206F
:1094A00004ED00E002490A6A0260C9684160704741
:1094B0003000002001490120C861704730000020C1
:1094C00010B50C4650B1094909681831FFF7C8FEBC
:1094D0002046BDE810400121FFF740BA502080F33C
:1094E0001188BFF34F8FBFF36F8FFEE7300000206E
:1094F00070B514460D4668B10A4909681831FFF77E
:10950000C7FE0CB14FF0FF3521462846BDE870403C
:10951000FFF724BA502080F31188BFF34F8FBFF3B9
:109520006F8FFEE73000002030B587B00024039431
:1095300005AA04A903A80494FFF76EFEDDE9030160
:109540000094CDE90110002315A11748059A00F0F9
:109550005EFB164D0028E8621FD000F0D5FC012804
:1095600009D0401C19D1502080F31188BFF34F8FD0
:10957000BFF36F8FFEE7502080F31188BFF34F8F4A
:10958000BFF36F8F4FF0FF30A86201206861EC607D
:1095900007B0BDE8304000F045B807B030BD00006E
:1095A00049444C4500000000F58B000830000020C5
:1095B0000248016B491C0163704700003000002025
:1095C000164810B5016B11B10121C16110BD002118
:1095D000C1610169124A01E0B9B1491E01EB810381
:1095E00052F82330002BF7D001EB810302EB83020A
:1095F00002F1080453685B685360A34201D15B68C1
:109600005360DA680260016110BD502080F3118858
:10961000BFF34F8FBFF36F8FFEE7000030000020D5
:10962000900500201CB5264908780190FF2008709D
:1096300008788DF800009DF800009DF8002000F0EB
:10964000F000904207D0502080F31188BFF34F8F75
:10965000BFF36F8FFEE79DF800001A4C00F050003A
:1096600020700720A06005E09DF8002052008DF8D2
:109670000020401E9DF800201206F5D4A0600328AB
:1096800007D0502080F31188BFF34F8FBFF36F8F47
:10969000FEE74FF44070A060019808700A48016826
:1096A00041F470010160016841F070410160FFF711
:1096B00061FE00206060F6F7EFFD00201CBD000099
:1096C00000E400E0A400002020ED00E010B55020F0
:1096D00080F31188BFF34F8FBFF36F8F00F0D6FA7E
:1096E00018B104494FF080500860002080F31188C1
:1096F00010BD000004ED00E038B5049D18B153B171
:10970000CAB181B120E0502080F31188BFF34F8FA0
:10971000BFF36F8FFEE7502080F31188BFF34F8FA8
:10972000BFF36F8FFEE7502080F31188BFF34F8F98
:10973000BFF36F8FFEE739B1502080F31188BFF37C
:109740004F8FBFF36F8FFEE750241C46012384F830
:1097500046302B460094FFF77DFA204638BD0000C6
:1097600070B50D46040025D0FFF79EFDD4E90F200B
:10977000216802FB0011A1600021A16321686160E2
:109780000A46D4E90F01401E00FB0121E160214699
:109790004FF0FF3001F8440F487004F110008DB114
:1097A000FFF750FD04F12400FFF74CFDFFF79CFD8F
:1097B000012070BD502080F31188BFF34F8FBFF39D
:1097C0006F8FFEE721690029F0D000F003FB00282D
:1097D000ECD004494FF080500860BFF34F8FBFF3C7
:1097E0006F8FE3E704ED00E02DE9FF4782B01D46EF
:1097F0008A464FF00008040003D0BAF1000F08D0E9
:1098000011E0502080F31188BFF34F8FBFF36F8FAB
:10981000FEE7206C38B1502080F31188BFF34F8FE2
:10982000BFF36F8FFEE7022D0AD1E06B012807D04E
:10983000502080F31188BFF34F8FBFF36F8FFEE787
:1098400000F010FA3F4F4FF000094FF0805648B932
:10985000049838B1502080F31188BFF34F8FBFF3C5
:109860006F8FFEE7FFF720FDA06BE16B884207D307
:10987000022D05D00498D0B1B8F1000F1AD01EE027
:109880002A4651462046FFF73EF9616A19B104F1B4
:10989000240000F09FFA20B13E60BFF34F8FBFF36A
:1098A0006F8FFFF721FD012006B0BDE8F087FFF7BD
:1098B0001BFD22E06846FFF7F5FD4FF00108FFF7BA
:1098C00013FDFFF775FEFFF7EFFC94F94400401C11
:1098D00001D184F8449094F94500401C01D184F8EA
:1098E0004590FFF701FD04A9684600F029F930B161
:1098F0002046FFF7C7FB00F0A5FA0020D4E7FFF7EA
:10990000D3FCA06BE16B884213D1FFF7EDFC04F1AF
:1099100010000499FFF7D4FD2046FFF7B3FB00F0D9
:1099200091FA00289ED13E60BFF34F8FBFF36F8F37
:1099300098E7FFF7D9FC2046FFF7A4FB00F082FA76
:1099400090E7000004ED00E02DE9F0471F46904647
:109950008946040003D0B9F1000F08D011E050206F
:1099600080F31188BFF34F8FBFF36F8FFEE7206C3A
:1099700038B1502080F31188BFF34F8FBFF36F8F42
:10998000FEE7022F0AD1E06B012807D0502080F3B8
:109990001188BFF34F8FBFF36F8FFEE7FFF7FCFC1B
:1099A0005020EFF3118680F31188BFF34F8FBFF380
:1099B0006F8FA06BE16B884206D3022F04D000208A
:1099C00086F31188BDE8F08794F94550A06B3A46BC
:1099D00049462046FFF797F8681C04D06D1C84F8B0
:1099E00045500120ECE7606A0028FAD004F1240019
:1099F00000F0F0F90028F4D0B8F1000FF1D0012107
:109A0000C8F80010EDE700002DE9F747002683B005
:109A10008A46040003D0BAF1000F08D011E05020AC
:109A200080F31188BFF34F8FBFF36F8FFEE7206C79
:109A300038B1502080F31188BFF34F8FBFF36F8F81
:109A4000FEE700F00FF9DFF8F4804FF000094FF067
:109A5000805748B9059838B1502080F31188BFF37A
:109A60004F8FBFF36F8FFEE7FFF71EFCA56BC5B1ED
:109A700051462046FFF734F86D1EA563206950B1AA
:109A800004F1100000F0A6F928B1C8F80070BFF387
:109A90004F8FBFF36F8FFFF727FC012006B0BDE8A3
:109AA000F087059808B11EB106E0FFF71DFC27E01E
:109AB0006846FFF7F7FC0126FFF716FCFFF778FD75
:109AC000FFF7F2FB94F94400401C01D184F8449064
:109AD00094F94500401C01D184F84590FFF704FC3F
:109AE00005A9684600F02CF8002820460AD0FFF7A8
:109AF000C9FA00F0A7F92046FFF758F90028B3D0BB
:109B00000020CBE7FFF752F990B104F1240005994A
:109B1000FFF7D6FC2046FFF7B5FA00F093F90028CE
:109B2000A2D1C8F80070BFF34F8FBFF36F8F9BE7D0
:109B30002046FFF7A7FA00F085F995E704ED00E06D
:109B40002DE9F0410C46050011D0C4B1FFF7ACFB84
:109B5000174BDA686E682068911B471C17D02F6876
:109B60001B6A9F4219D0964217D8012410E050205A
:109B700080F31188BFF34F8FBFF36F8FFEE7502044
:109B800080F31188BFF34F8FBFF36F8FFEE7002480
:109B9000FFF7AAFB2046BDE8F081884205D9401AAC
:109BA00020602846FFF77EFCF1E700202060DCE71C
:109BB000300000202DE9FF5F8346DDE90E879946DE
:109BC00016468A469000FFF793FA05001CD05C20E9
:109BD000FFF78EFA040014D00020256384F85900A2
:109BE000CDE90240CDE900874B4632465146584602
:109BF000FFF742F82046FEF7DFFE012004B0BDE883
:109C0000F09F2846FFF784FB4FF0FF30F6E7F0B5F2
:109C100085B0DDE90B640A9DA6B1DCB15C27009735
:109C20002663022684F85960002604AFCDE9024677
:109C3000CDE90057FFF720F82046FEF7BDFE049857
:109C400005B0F0BD502080F31188BFF34F8FBFF3F4
:109C50006F8FFEE7502080F31188BFF34F8FBFF363
:109C60006F8FFEE70548416919B1006B18B10020FC
:109C7000704701207047022070470000300000202C
:109C80000148C06870470000300000202DE9F04115
:109C90002E4C0027206B28B1A069401CA0613846DB
:109CA000BDE8F081E668761CE66013D1606B006861
:109CB00038B1502080F31188BFF34F8FBFF36F8FFF
:109CC000FEE7606BA16B6163A063206A401C2062A9
:109CD000FFF758F9A06ADFF87880864209D3606BF5
:109CE0000068A0B1606BC068C5686868864211D220
:109CF000A0622068C06A00EB800158F821000128AA
:109D000000D90127E0690028C9D00127C7E74FF033
:109D1000FF30EDE7281DFFF76BFAA86A18B105F1CF
:109D20001800FFF765FAE86A2169884200D92061C6
:109D300000EB800108EB8100291DFFF7A9FAE86A12
:109D40002168C96A8842CAD30127C8E730000020C9
:109D50009005002070B504004FF0000133D01B4D7A
:109D60002868844207D0502080F31188BFF34F8FBA
:109D7000BFF36F8FFEE7206D38B1401E2065E36CA6
:109D8000E26A9A421FD040B11DE0502080F3118852
:109D9000BFF34F8FBFF36F8FFEE7201DFFF728FA49
:109DA000E06CE062C0F13800A061E06A2969884295
:109DB00000D92861064900EB800001EB8000211DDD
:109DC000FFF766FA0121084670BD00003000002050
:109DD0009005002070B5C068C46854B104F1180043
:109DE0000646FFF705FA144D286B50B1314613486B
:109DF00015E0502080F31188BFF34F8FBFF36F8FB2
:109E0000FEE7201DFFF7F4F9E06A2969884200D9CE
:109E100028610B4900EB800001EB8000211DFFF75A
:109E200037FAE06A2968C96A884202D90120E861E4
:109E300070BD002070BD000030000020180A002016
:109E4000900500202DE9F0472C4D00242746286B73
:109E500038B1FFF729FA286B401E2863286B40B100
:109E600046E0502080F31188BFF34F8FBFF36F8F10
:109E7000FEE7A968224E0120D1B3A6F5916980467C
:109E80003068E0B1F068C46804F11800FFF7B0F979
:109E9000201DFFF7ADF9E06A2969884200D92861E1
:109EA00000EB800109EB8100211DFFF7F1F9E06A69
:109EB0002968C96A8842E3D3C5F81C80E0E70CB181
:109EC000FFF760F8AC694CB14FEA0806FFF7DEFE19
:109ED00000B1EE61641EF9D10020A861E86938B1D3
:109EE0000849012738070860BFF34F8FBFF36F8F12
:109EF000FFF7FAF93846BDE8F0870000300000208F
:109F0000180A002004ED00E010B586B0FEF7BCFD95
:109F1000114C2068B8B100200390049005AA04A950
:109F200003A8FFF783F9DDE9032102208DE807008C
:109F300000230AA10B48059AFFF769FE606010B183
:109F400006B0012010BD502080F31188BFF34F8F61
:109F5000BFF36F8FFEE700006C000020546D72208D
:109F600053766300619000082DE9FF411E461346B9
:109F700002000A9D4FF0000016D0144C2768002FF5
:109F80000FD0CDE900130292062917DAFFF76AFE17
:109F900002284FF000030FD0002269462068FFF727
:109FA00023FC04B0BDE8F081502080F31188BFF39A
:109FB0004F8FBFF36F8FFEE72A46EEE7002332464E
:109FC00069463846FFF7C0FCEBE700006C00002054
:109FD00010B500290AD00878002807D00548784431
:109FE000F6F7F6FA002801D0002010BD02487844A8
:109FF00010BD0000720D00006A0D000010B50029B0
:10A000000AD00878002807D005487844F6F7E0FA27
:10A01000002801D0002010BD0248784410BD000087
:10A02000620D00005A0D000090EA010F48BF81F058
:10A03000004100F1D082421A3CBF801A89184FEAD1
:10A04000D0524FF07F4C1CEA410FA2EBD15318BF06
:10A050009CEA026F00F03B804FF0004C4CEA00207D
:10A060004CEA012121FA03FC10EB0C0C1ED202F188
:10A07000FF325FEA1C2040EBC25038BF70471CF033
:10A080007F0F4FEA400C18BFBCF17F4F38BF7047BD
:10A09000C3F12003994008BF20F00100BCF17F4FBD
:10A0A00038BF7047A0F1C04000F057BA4FEA3C00FB
:10A0B000000A40EBC25028BF1CF0FF0F4FEA400CD3
:10A0C000E6D018BFBCF17F4F38BF7047EAE79CEA83
:10A0D000026F05D010EA5C0F08BF00F00040704727
:10A0E00010B500F0F4F900BF64FBBE3E014800F07B
:10A0F000E4BA00BF0000C07F401058BFC0F140402C
:10A10000491058BFC1F140418142EFF300807047D0
:10A110004FF47F0C1CEAD0121EBF1CEAD11392EA46
:10A120000C0F93EA0C0F00F0858090EA010F48BFF6
:10A1300042F4807240F4000C41F400002CF07F41A6
:10A1400020F07F4000B58142A2EB03020FF2081C11
:10A15000ACEB504EC0F100009EF800E04FEA4E0E0E
:10A1600000FB0EFC38BF49004FEA2C1C02F5FA0236
:10A170000CFB0EF34FEACE1E4FEA112C4FEAC12121
:10A180000EEB635E42EB22420EFB0CFC4FEA1C53CB
:10A1900000FB03114FEA112C4FEA01310EFB0CFCBE
:10A1A0004FEADC4C00FB0C11C14228BF09184CEBF4
:10A1B00003335DF804EB10EB410143EBC250B2F501
:10A1C0007C0F38BF704729D512F0F00F1CBF00F18B
:10A1D000C04000F0004070470081828384858687FC
:10A1E00088898B8C8D8E8F919293959697999A9C56
:10A1F0009D9FA0A2A3A5A7A8AAACAEB0B2B3B5B7C5
:10A20000B9BCBEC0C2C5C7C9CCCED1D4D7D9DCDF9A
:10A21000E2E6E9ECF0F3F7FAFE0000004FEA400C4A
:10A220000CF1807CBCF17E4F28BF7047B0F1C0407C
:10A2300000F093B990EA010F0CEAD11348BF42F441
:10A240008072624538BF634507D213F47F0F16D082
:10A2500080EA010000F00040704710B500F037F9C7
:10A26000097EFC3E00F005B880EA010000F00040E5
:10A27000704780EA010000F0004000F06EB912F46F
:10A280007F0F04BF0248704780EA010000F065B903
:10A290000000C07F41000B0ED3F19E0208D950F49C
:10A2A00000034FEA032323FA02F048BF40427047FD
:10A2B00010B500F00CF900BF4992248000207047CF
:10A2C0006FF0004282EA200070470000C10DD1F11A
:10A2D0009E0206DB4FEA002343F0004323FA02F01C
:10A2E0007047004207D54FEA4001B1F1FE4F02D25C
:10A2F0004FF00000704710B500F0E9F84992248053
:10A30000002070476FEA20007047000010F0004105
:10A3100048BF4042B0FA80F310FA03F2C3F19D0344
:10A320000BD051EAC35101EB1220530638BF7047DE
:10A3300000F1010008BF20F001007047B0FA80F37F
:10A3400010FA03F2C3F19D030AD0D90501EB1220E4
:10A35000530638BF704700F1010008BF20F001002C
:10A360007047000050EA010C00F113801CF5000F4B
:10A3700058BFBCF5000F01D48842704707D710F5CD
:10A38000000F58BF11F5000F15D48842704789425D
:10A3900070471CF5000F04D5BCF5000FF7D58142BE
:10A3A00070474FF0807C1CEB400F38BF1CEB410F17
:10A3B00001D28142704710B500F089F8922449001B
:10A3C0004FF000504FF08051FFF796BE4FF47F0CD6
:10A3D0001CEAD0121EBF1CEAD11392EA0C0F93EABA
:10A3E0000C0F00F0478090EA010F48BF42F48072E2
:10A3F0004FF0004C4CEA00204CEA012102EB030232
:10A40000A0FB0113A2F50002002918BF43F00103CD
:10A410005B0028BF4FEA330342EB22425FEA132C72
:10A420004CEBC2502EBFBCEB436FB2F57C0F7047B4
:10A430004FEA036CBCF1004F08BF20F00100B2F5F9
:10A440007C0F38BF70470BD582F0FF0212F5803FBA
:10A45000C8BF704700F1C040D8BF00F0004070474F
:10A4600000F5000C5FEA4C0C48BF7047B0F1C040EB
:10A4700000F073B890EA010F0CEAD11348BF42F420
:10A480008072624538BF634504D280EA010000F063
:10A490000040704710B500F01AF800BF8900013E77
:10A4A00000F007B800F009B85FEA410C5FEA1C6CE5
:10A4B00008D080EA010000F050B85FEA400C5FEA83
:10A4C0001C6CF6D14FF00040A0F5800070470EF1F3
:10A4D000020E2EF0030E5EF8044B244204D44FEA21
:10A4E0004102B2F17F4F11D84FEA4003B3F17F4FE1
:10A4F0000CD80ED14FEAD07CB2F17F4F0CEB4C0C54
:10A500000CF1020C08BF4CEBD17C04E04FF0080CBE
:10A5100001E04FEAD17C0CEB4C0324FA03F404F085
:10A520000704B4F1040C06D20EEB840CBDE8104015
:10A530004CF0010C6047DFE80CF0070802024FF016
:10A540000040A0F5800010BD0846420018BFD2F1BF
:10A55000807288BF00F0004010BDFF2141EAD0505A
:10A56000C005704751EA000C00F113801CF5000F84
:10A5700058BFBCF5000F01D48142704707D711F5D1
:10A58000000F58BF10F5000F15D481427047894263
:10A5900070471CF5000F04D5BCF5000FF7D58842B5
:10A5A00070474FF0807C1CEB410F38BF1CEB400F15
:10A5B00001D28842704780EA010081EA000180EA06
:10A5C0000100FFF7F8BE000090EA010F48BF81F0DC
:10A5D00000413FF530AD421A04D882F00042A0EBB2
:10A5E000020011444FEAD0524FF07F4C1CEA410F59
:10A5F000A2EBD15318BF9CEA026F4AD04FF0004C37
:10A600004CEA00204CEA012121FA03FCB0EB0C0CCF
:10A610000FD412F0FE0F36D05FEA4C001DD50012A9
:10A6200040EBC25038BF70471CF03F0F18BF704757
:10A630000BE0A2F101025FEA1C2040EBC25038BFE0
:10A6400070471CF07F0F18BF7047C3F1200399407B
:10A6500014BF401E20F00100704780084FEA12230B
:10A6600008BF7047B0FA80FCA2EB0C02CCF1280CBA
:10A6700060FA0CF093EA122F04BF00EBC25070474F
:10A680004FEAC3707047130A5FEADC1008BF7047D7
:10A69000F6E79CEA026F04D010EA5C0F08BF0020C6
:10A6A000704710B5FFF713FF40DFF63E81F0004022
:10A6B0007047F6F712BCF6F747BD0CF00F03092BF5
:10A6C00008BF082000F051800A2B0BD0082B18BFC0
:10A6D000704708BF1CF0400F0AD04FF000004FF049
:10A6E000000170471CF0400F18BF4FF0004070474A
:10A6F0001CF0100F08D020F0704300F07F4242EAB7
:10A70000D3014FEA4370704700F0604021F07F4270
:10A7100042EA000201F07F4040EA727070474FF059
:10A72000FF0212EAD0521CBF92F0FF038B42C2BF5D
:10A73000D14200EBC1507047002A0AD0002B0BD049
:10A74000002900F00040A4BF40F0FE4040F40000AB
:10A75000704700F00040704743024FF00B0C18BFE9
:10A760004CF0806C7FF4C2AC70471CF4801F11D099
:10A770001CF4E02F03D06FEACC31490070474FF052
:10A780004050EFF3008222F0704242EA000282F36E
:10A79000008870474FF000007047000034AA00089E
:10A7A00000000000000000000000000000000000A9
:10A7B000000400002800000000000000000000006D
:10A7C0003CAA00080000000000000000000000009B
:10A7D000000000000004000028000000000000004D
:10A7E0000000000044AA0008000000000000000073
:10A7F000000000000000000000040000180000003D
:10A8000000000000000000004CAA0008000000004A
:10A810000000000000000000000000000004000034
:10A8200018000000000000000000000054AA00080A
:10A830000000000000000000000000000000000018
:10A8400000020000080000000000000000000000FE
:10A850005CAA0008000000000000000000000000EA
:10A8600000000000000400001800000000000000CC
:10A870000000000064AA00080000000000000000C2
:10A8800000000000000000000008000008000000B8
:10A8900000000000000000006CAA0008000000009A
:10A8A00000000000000000000000000000020000A6
:10A8B0002800000000000000000000000102020368
:10A8C0000405060708090A0B0C0D0E0F10100102F3
:10A8D00002030405060708090A0B0C0D0E0F1010E1
:10A8E0000000000000000000010203040607080940
:10A8F0000000000001020304000000000030F13DF0
:10A900000070643E0000A33E0090CF3E0090F83EF1
:10A9100000400F3F00E0203F0000000015B78337E4
:10A92000CDE37B380EE1C53860F69138AF5F0F3864
:10A93000E1BC3E3823F4473900000000000000006D
:10A940003031323334353637383941424344454665
:10A95000403058003031323334353637383961625F
:10A960006364656640307800040000080000000061
:10A97000000000020001000010303132333435365F
:10A98000373839616263646566787000303132331C
:10A990003435363738394142434445465850000033
:10A9A00002400000000000A0000000000540000080
:10A9B000000000C8000000000C4000000000409CA7
:10A9C00000000000194000000020BCBE0000000094
:10A9D00034400000BFC91B8E00000004B5400000D9
:10A9E000504BCFD06607E2CF010000006C41000061
:10A9F0003E8251AADFEEA73401000000D9420000D8
:10AA0000DCB5A0E23A301F97FFFFFFFFB44500001E
:10AA1000FD25A0C8E9A3C14FFFFFFFFFFF3F0000D6
:10AA20000000008000000000FF3F000000000080E8
:10AA3000000000005461736B310000005461736BBF
:10AA4000320000005461736B330000005461736B7B
:10AA5000340000005461736B350000005461736B67
:10AA6000360000005461736B370000005461736B53
:10AA7000380000005B4346475D206163746976657A
:10AA800020304C3D256C75487A2066756C6C3D25F0
:10AA90006C75487A206D61785F6C3D25754C202877
:10AAA00077617465725F31326C5F687A3D7761748B
:10AAB00065725F66756C6C5F687A290D0A0000002C
:10AAC0005B4346475D20736F757263653D25732058
:10AAD00064697274793D2575207365713D256C75C7
:10AAE0003B20636F6D70696C652064656661756C91
:10AAF000747320304C3D256C75487A2066756C6CFB
:10AB00003D256C75487A206D61785F6C3D25754CEC
:10AB10000D0A00005B4346475D20636F6E66696700
:10AB20007C73686F777C7365742077617465725F7E
:10AB3000306C5F687A204E7C736574207761746531
:10AB4000725F31326C5F687A204E7C736574207757
:10AB5000617465725F6D61785F6C204E0D0A000054
:10AB60005B4346475D2066757475726528756E6136
:10AB70007661696C61626C65293A207761746572EF
:10AB80002063757276652F66696C7465722F7469BF
:10AB90006D656F75743B2041444320766F6C746122
:10ABA00067652F63757272656E742063616C69628C
:10ABB000726174696F6E3B2074656D70657261744B
:10ABC0007572652F6368617267652F70726F746547
:10ABD0006374696F6E207468726573686F6C6473F8
:10ABE0000D0A00005B4255434B45545D20543A2505
:10ABF0006325642E257543204241545F4E54433AE9
:10AC0000256325642E2575432020573A25754C2051
:10AC10002057433A256C75487A20204241543A2502
:10AC2000752E257556204443494E3A25752E2575B7
:10AC30005620424153453A2575204348473A2575E9
:10AC4000207C20414443204D4F543A25756D5620B9
:10AC500050554D503A25756D56207C204F55542047
:10AC60004D3A257520503A257520483A25752055CE
:10AC7000563A2575207C2053543A25752F2575208A
:10AC800054533A256C757320434D443A253032585D
:10AC9000207C2049204D4F543A25756D4120505558
:10ACA0004D503A25756D41207C204552523A253051
:10ACB00032582F253032580D0A0000005B444F43B4
:10ACC0004B5D204F4E3A25752044433A25752E257D
:10ACD0007556205057523A2575204C4E583A2575D6
:10ACE000204C413A256C646D732052583A256C759E
:10ACF0002052413A256C646D732056413A256C64AC
:10AD00006D732041434B3A257520423157414954D8
:10AD10003A2575204C4153543A253032582F25306E
:10AD200032582F253032582F253032580D0A000066
:10AD30007CAE0008000000206C0100002801000823
:10AD400094AE00086C010020D44500008401000886
:10AD50001C00000043000000F8FFFFFF0C00000093
:10AD60000E0000000F0000002E0000001001000087
:10AD700043000000F8FFFFFF0040404040404040DB
:10AD800040404141414141404040404040404040BE
:10AD90004040404040404040400502020202020262
:10ADA00002020202020202020220202020202020B1
:10ADB00020202002020202020202909090909090C5
:10ADC0001010101010101010101010101010101083
:10ADD00010101010020202020202888888888888F7
:10ADE00008080808080808080808080808080808E3
:10ADF00008080808020202024000000000000000EB
:10AE00000000000000000000000000000000000042
:10AE10000000000000000000000000000000000032
:10AE20000000000000000000000000000000000022
:10AE30000000000000000000000000000000000012
:10AE40000000000000000000000000000000000002
:10AE500000000000000000000000000000000000F2
:10AE600000000000000000000000000000000000E2
:10AE7000000000000000000000000000012032017E
:10AE800082100379127A1AAA01C1037430758320E3
:04AE90004202330146
:04000005080000ED02
:00000001FF
